2026-06-22 08:55:12,070 - INFO - Initializing SAFE Pipeline...
2026-06-22 08:55:12,240 - INFO - HTTP Request: HEAD https://huggingface.co/sentence-transformers/paraphrase-multilingual-MiniLM-L12-v2/resolve/main/modules.json "HTTP/1.1 307 Temporary Redirect"
2026-06-22 08:55:12,369 - INFO - HTTP Request: HEAD https://huggingface.co/api/resolve-cache/models/sentence-transformers/paraphrase-multilingual-MiniLM-L12-v2/e8f8c211226b894fcb81acc59f3b34ba3efd5f42/modules.json "HTTP/1.1 200 OK"
2026-06-22 08:55:12,501 - INFO - HTTP Request: GET https://huggingface.co/api/resolve-cache/models/sentence-transformers/paraphrase-multilingual-MiniLM-L12-v2/e8f8c211226b894fcb81acc59f3b34ba3efd5f42/modules.json "HTTP/1.1 200 OK"
2026-06-22 08:55:12,627 - INFO - HTTP Request: HEAD https://huggingface.co/sentence-transformers/paraphrase-multilingual-MiniLM-L12-v2/resolve/main/config_sentence_transformers.json "HTTP/1.1 307 Temporary Redirect"
2026-06-22 08:55:12,759 - INFO - HTTP Request: HEAD https://huggingface.co/api/resolve-cache/models/sentence-transformers/paraphrase-multilingual-MiniLM-L12-v2/e8f8c211226b894fcb81acc59f3b34ba3efd5f42/config_sentence_transformers.json "HTTP/1.1 200 OK"
2026-06-22 08:55:12,891 - INFO - HTTP Request: GET https://huggingface.co/api/resolve-cache/models/sentence-transformers/paraphrase-multilingual-MiniLM-L12-v2/e8f8c211226b894fcb81acc59f3b34ba3efd5f42/config_sentence_transformers.json "HTTP/1.1 200 OK"
2026-06-22 08:55:12,894 - INFO - Loading SentenceTransformer model from sentence-transformers/paraphrase-multilingual-MiniLM-L12-v2.
2026-06-22 08:55:13,022 - INFO - HTTP Request: HEAD https://huggingface.co/sentence-transformers/paraphrase-multilingual-MiniLM-L12-v2/resolve/main/config_sentence_transformers.json "HTTP/1.1 307 Temporary Redirect"
2026-06-22 08:55:13,062 - INFO - HTTP Request: HEAD https://huggingface.co/api/resolve-cache/models/sentence-transformers/paraphrase-multilingual-MiniLM-L12-v2/e8f8c211226b894fcb81acc59f3b34ba3efd5f42/config_sentence_transformers.json "HTTP/1.1 200 OK"
2026-06-22 08:55:13,190 - INFO - HTTP Request: HEAD https://huggingface.co/sentence-transformers/paraphrase-multilingual-MiniLM-L12-v2/resolve/main/README.md "HTTP/1.1 307 Temporary Redirect"
2026-06-22 08:55:13,317 - INFO - HTTP Request: HEAD https://huggingface.co/api/resolve-cache/models/sentence-transformers/paraphrase-multilingual-MiniLM-L12-v2/e8f8c211226b894fcb81acc59f3b34ba3efd5f42/README.md "HTTP/1.1 200 OK"
2026-06-22 08:55:13,449 - INFO - HTTP Request: GET https://huggingface.co/api/resolve-cache/models/sentence-transformers/paraphrase-multilingual-MiniLM-L12-v2/e8f8c211226b894fcb81acc59f3b34ba3efd5f42/README.md "HTTP/1.1 200 OK"
2026-06-22 08:55:13,582 - INFO - HTTP Request: HEAD https://huggingface.co/sentence-transformers/paraphrase-multilingual-MiniLM-L12-v2/resolve/main/modules.json "HTTP/1.1 307 Temporary Redirect"
2026-06-22 08:55:13,621 - INFO - HTTP Request: HEAD https://huggingface.co/api/resolve-cache/models/sentence-transformers/paraphrase-multilingual-MiniLM-L12-v2/e8f8c211226b894fcb81acc59f3b34ba3efd5f42/modules.json "HTTP/1.1 200 OK"
2026-06-22 08:55:13,750 - INFO - HTTP Request: HEAD https://huggingface.co/sentence-transformers/paraphrase-multilingual-MiniLM-L12-v2/resolve/main/sentence_bert_config.json "HTTP/1.1 307 Temporary Redirect"
2026-06-22 08:55:13,878 - INFO - HTTP Request: HEAD https://huggingface.co/api/resolve-cache/models/sentence-transformers/paraphrase-multilingual-MiniLM-L12-v2/e8f8c211226b894fcb81acc59f3b34ba3efd5f42/sentence_bert_config.json "HTTP/1.1 200 OK"
2026-06-22 08:55:14,007 - INFO - HTTP Request: GET https://huggingface.co/api/resolve-cache/models/sentence-transformers/paraphrase-multilingual-MiniLM-L12-v2/e8f8c211226b894fcb81acc59f3b34ba3efd5f42/sentence_bert_config.json "HTTP/1.1 200 OK"
2026-06-22 08:55:14,136 - INFO - HTTP Request: HEAD https://huggingface.co/sentence-transformers/paraphrase-multilingual-MiniLM-L12-v2/resolve/main/adapter_config.json "HTTP/1.1 404 Not Found"
2026-06-22 08:55:14,261 - INFO - HTTP Request: HEAD https://huggingface.co/sentence-transformers/paraphrase-multilingual-MiniLM-L12-v2/resolve/main/config.json "HTTP/1.1 307 Temporary Redirect"
2026-06-22 08:55:14,393 - INFO - HTTP Request: HEAD https://huggingface.co/api/resolve-cache/models/sentence-transformers/paraphrase-multilingual-MiniLM-L12-v2/e8f8c211226b894fcb81acc59f3b34ba3efd5f42/config.json "HTTP/1.1 200 OK"
2026-06-22 08:55:14,572 - INFO - HTTP Request: GET https://huggingface.co/api/resolve-cache/models/sentence-transformers/paraphrase-multilingual-MiniLM-L12-v2/e8f8c211226b894fcb81acc59f3b34ba3efd5f42/config.json "HTTP/1.1 200 OK"
2026-06-22 08:55:14,808 - INFO - HTTP Request: HEAD https://huggingface.co/sentence-transformers/paraphrase-multilingual-MiniLM-L12-v2/resolve/main/config.json "HTTP/1.1 307 Temporary Redirect"
2026-06-22 08:55:14,847 - INFO - HTTP Request: HEAD https://huggingface.co/api/resolve-cache/models/sentence-transformers/paraphrase-multilingual-MiniLM-L12-v2/e8f8c211226b894fcb81acc59f3b34ba3efd5f42/config.json "HTTP/1.1 200 OK"
2026-06-22 08:55:14,990 - INFO - HTTP Request: HEAD https://huggingface.co/sentence-transformers/paraphrase-multilingual-MiniLM-L12-v2/resolve/main/model.safetensors "HTTP/1.1 302 Found"
2026-06-22 08:55:15,130 - INFO - HTTP Request: GET https://huggingface.co/api/models/sentence-transformers/paraphrase-multilingual-MiniLM-L12-v2/xet-read-token/e8f8c211226b894fcb81acc59f3b34ba3efd5f42 "HTTP/1.1 200 OK"
2026-06-22 08:55:17,579 - INFO - HTTP Request: HEAD https://huggingface.co/sentence-transformers/paraphrase-multilingual-MiniLM-L12-v2/resolve/main/processor_config.json "HTTP/1.1 404 Not Found"
2026-06-22 08:55:17,710 - INFO - HTTP Request: HEAD https://huggingface.co/sentence-transformers/paraphrase-multilingual-MiniLM-L12-v2/resolve/main/preprocessor_config.json "HTTP/1.1 404 Not Found"
2026-06-22 08:55:17,836 - INFO - HTTP Request: HEAD https://huggingface.co/sentence-transformers/paraphrase-multilingual-MiniLM-L12-v2/resolve/main/video_preprocessor_config.json "HTTP/1.1 404 Not Found"
2026-06-22 08:55:17,967 - INFO - HTTP Request: HEAD https://huggingface.co/sentence-transformers/paraphrase-multilingual-MiniLM-L12-v2/resolve/main/preprocessor_config.json "HTTP/1.1 404 Not Found"
2026-06-22 08:55:18,094 - INFO - HTTP Request: HEAD https://huggingface.co/sentence-transformers/paraphrase-multilingual-MiniLM-L12-v2/resolve/main/tokenizer_config.json "HTTP/1.1 307 Temporary Redirect"
2026-06-22 08:55:18,282 - INFO - HTTP Request: HEAD https://huggingface.co/api/resolve-cache/models/sentence-transformers/paraphrase-multilingual-MiniLM-L12-v2/e8f8c211226b894fcb81acc59f3b34ba3efd5f42/tokenizer_config.json "HTTP/1.1 200 OK"
2026-06-22 08:55:18,458 - INFO - HTTP Request: GET https://huggingface.co/api/resolve-cache/models/sentence-transformers/paraphrase-multilingual-MiniLM-L12-v2/e8f8c211226b894fcb81acc59f3b34ba3efd5f42/tokenizer_config.json "HTTP/1.1 200 OK"
2026-06-22 08:55:18,585 - INFO - HTTP Request: HEAD https://huggingface.co/sentence-transformers/paraphrase-multilingual-MiniLM-L12-v2/resolve/main/config.json "HTTP/1.1 307 Temporary Redirect"
2026-06-22 08:55:18,598 - INFO - HTTP Request: HEAD https://huggingface.co/api/resolve-cache/models/sentence-transformers/paraphrase-multilingual-MiniLM-L12-v2/e8f8c211226b894fcb81acc59f3b34ba3efd5f42/config.json "HTTP/1.1 200 OK"
2026-06-22 08:55:18,728 - INFO - HTTP Request: HEAD https://huggingface.co/sentence-transformers/paraphrase-multilingual-MiniLM-L12-v2/resolve/main/config.json "HTTP/1.1 307 Temporary Redirect"
2026-06-22 08:55:18,741 - INFO - HTTP Request: HEAD https://huggingface.co/api/resolve-cache/models/sentence-transformers/paraphrase-multilingual-MiniLM-L12-v2/e8f8c211226b894fcb81acc59f3b34ba3efd5f42/config.json "HTTP/1.1 200 OK"
2026-06-22 08:55:18,867 - INFO - HTTP Request: HEAD https://huggingface.co/sentence-transformers/paraphrase-multilingual-MiniLM-L12-v2/resolve/main/tokenizer_config.json "HTTP/1.1 307 Temporary Redirect"
2026-06-22 08:55:18,906 - INFO - HTTP Request: HEAD https://huggingface.co/api/resolve-cache/models/sentence-transformers/paraphrase-multilingual-MiniLM-L12-v2/e8f8c211226b894fcb81acc59f3b34ba3efd5f42/tokenizer_config.json "HTTP/1.1 200 OK"
2026-06-22 08:55:19,035 - INFO - HTTP Request: HEAD https://huggingface.co/sentence-transformers/paraphrase-multilingual-MiniLM-L12-v2/resolve/main/tokenizer_config.json "HTTP/1.1 307 Temporary Redirect"
2026-06-22 08:55:19,048 - INFO - HTTP Request: HEAD https://huggingface.co/api/resolve-cache/models/sentence-transformers/paraphrase-multilingual-MiniLM-L12-v2/e8f8c211226b894fcb81acc59f3b34ba3efd5f42/tokenizer_config.json "HTTP/1.1 200 OK"
2026-06-22 08:55:19,179 - INFO - HTTP Request: GET https://huggingface.co/api/models/sentence-transformers/paraphrase-multilingual-MiniLM-L12-v2/tree/main/additional_chat_templates?recursive=false&expand=false "HTTP/1.1 404 Not Found"
2026-06-22 08:55:19,313 - INFO - HTTP Request: GET https://huggingface.co/api/models/sentence-transformers/paraphrase-multilingual-MiniLM-L12-v2/tree/main?recursive=true&expand=false "HTTP/1.1 200 OK"
2026-06-22 08:55:19,441 - INFO - HTTP Request: HEAD https://huggingface.co/sentence-transformers/paraphrase-multilingual-MiniLM-L12-v2/resolve/main/tokenizer.json "HTTP/1.1 302 Found"
2026-06-22 08:55:20,216 - INFO - HTTP Request: HEAD https://huggingface.co/sentence-transformers/paraphrase-multilingual-MiniLM-L12-v2/resolve/main/tokenizer.model "HTTP/1.1 404 Not Found"
2026-06-22 08:55:20,345 - INFO - HTTP Request: HEAD https://huggingface.co/sentence-transformers/paraphrase-multilingual-MiniLM-L12-v2/resolve/main/added_tokens.json "HTTP/1.1 404 Not Found"
2026-06-22 08:55:20,472 - INFO - HTTP Request: HEAD https://huggingface.co/sentence-transformers/paraphrase-multilingual-MiniLM-L12-v2/resolve/main/special_tokens_map.json "HTTP/1.1 307 Temporary Redirect"
2026-06-22 08:55:20,599 - INFO - HTTP Request: HEAD https://huggingface.co/api/resolve-cache/models/sentence-transformers/paraphrase-multilingual-MiniLM-L12-v2/e8f8c211226b894fcb81acc59f3b34ba3efd5f42/special_tokens_map.json "HTTP/1.1 200 OK"
2026-06-22 08:55:20,733 - INFO - HTTP Request: GET https://huggingface.co/api/resolve-cache/models/sentence-transformers/paraphrase-multilingual-MiniLM-L12-v2/e8f8c211226b894fcb81acc59f3b34ba3efd5f42/special_tokens_map.json "HTTP/1.1 200 OK"
2026-06-22 08:55:20,867 - INFO - HTTP Request: HEAD https://huggingface.co/sentence-transformers/paraphrase-multilingual-MiniLM-L12-v2/resolve/main/chat_template.jinja "HTTP/1.1 404 Not Found"
2026-06-22 08:55:22,556 - INFO - HTTP Request: GET https://huggingface.co/api/models/sentence-transformers/paraphrase-multilingual-MiniLM-L12-v2 "HTTP/1.1 200 OK"
2026-06-22 08:55:22,875 - INFO - HTTP Request: HEAD https://huggingface.co/sentence-transformers/paraphrase-multilingual-MiniLM-L12-v2/resolve/main/1_Pooling/config.json "HTTP/1.1 307 Temporary Redirect"
2026-06-22 08:55:23,001 - INFO - HTTP Request: HEAD https://huggingface.co/api/resolve-cache/models/sentence-transformers/paraphrase-multilingual-MiniLM-L12-v2/e8f8c211226b894fcb81acc59f3b34ba3efd5f42/1_Pooling%2Fconfig.json "HTTP/1.1 200 OK"
2026-06-22 08:55:23,127 - INFO - HTTP Request: GET https://huggingface.co/api/resolve-cache/models/sentence-transformers/paraphrase-multilingual-MiniLM-L12-v2/e8f8c211226b894fcb81acc59f3b34ba3efd5f42/1_Pooling%2Fconfig.json "HTTP/1.1 200 OK"
2026-06-22 08:55:23,252 - INFO - HTTP Request: GET https://huggingface.co/api/models/sentence-transformers/paraphrase-multilingual-MiniLM-L12-v2 "HTTP/1.1 200 OK"
2026-06-22 08:55:23,514 - INFO - Loading HookedSAETransformer from ./checkpoints/ft_raca_v2/merged...
2026-06-22 08:55:23,639 - INFO - HTTP Request: HEAD https://huggingface.co/meta-llama/Llama-3.1-8B-Instruct/resolve/main/config.json "HTTP/1.1 200 OK"
2026-06-22 08:55:23,769 - INFO - HTTP Request: GET https://huggingface.co/meta-llama/Llama-3.1-8B-Instruct/resolve/main/config.json "HTTP/1.1 200 OK"
2026-06-22 08:55:23,910 - INFO - HTTP Request: HEAD https://huggingface.co/meta-llama/Llama-3.1-8B-Instruct/resolve/main/adapter_config.json "HTTP/1.1 404 Not Found"
2026-06-22 08:55:24,058 - INFO - HTTP Request: HEAD https://huggingface.co/meta-llama/Llama-3.1-8B-Instruct/resolve/main/config.json "HTTP/1.1 200 OK"
2026-06-22 08:55:24,192 - INFO - HTTP Request: HEAD https://huggingface.co/meta-llama/Llama-3.1-8B-Instruct/resolve/main/model.safetensors "HTTP/1.1 404 Not Found"
2026-06-22 08:55:24,319 - INFO - HTTP Request: HEAD https://huggingface.co/meta-llama/Llama-3.1-8B-Instruct/resolve/main/model.safetensors.index.json "HTTP/1.1 200 OK"
2026-06-22 08:55:24,455 - INFO - HTTP Request: GET https://huggingface.co/meta-llama/Llama-3.1-8B-Instruct/resolve/main/model.safetensors.index.json "HTTP/1.1 200 OK"
2026-06-22 08:55:24,589 - INFO - HTTP Request: GET https://huggingface.co/api/models/meta-llama/Llama-3.1-8B-Instruct/revision/main "HTTP/1.1 200 OK"
2026-06-22 08:55:24,741 - INFO - HTTP Request: HEAD https://huggingface.co/meta-llama/Llama-3.1-8B-Instruct/resolve/0e9e39f249a16976918f6564b8830bc894c89659/model-00001-of-00004.safetensors "HTTP/1.1 302 Found"
2026-06-22 08:55:24,767 - INFO - HTTP Request: HEAD https://huggingface.co/meta-llama/Llama-3.1-8B-Instruct/resolve/0e9e39f249a16976918f6564b8830bc894c89659/model-00003-of-00004.safetensors "HTTP/1.1 302 Found"
2026-06-22 08:55:24,773 - INFO - HTTP Request: HEAD https://huggingface.co/meta-llama/Llama-3.1-8B-Instruct/resolve/0e9e39f249a16976918f6564b8830bc894c89659/model-00004-of-00004.safetensors "HTTP/1.1 302 Found"
2026-06-22 08:55:24,774 - INFO - HTTP Request: HEAD https://huggingface.co/meta-llama/Llama-3.1-8B-Instruct/resolve/0e9e39f249a16976918f6564b8830bc894c89659/model-00002-of-00004.safetensors "HTTP/1.1 302 Found"
2026-06-22 08:55:24,871 - INFO - HTTP Request: GET https://huggingface.co/api/models/meta-llama/Llama-3.1-8B-Instruct/xet-read-token/0e9e39f249a16976918f6564b8830bc894c89659 "HTTP/1.1 200 OK"
2026-06-22 08:55:24,895 - INFO - HTTP Request: GET https://huggingface.co/api/models/meta-llama/Llama-3.1-8B-Instruct/xet-read-token/0e9e39f249a16976918f6564b8830bc894c89659 "HTTP/1.1 200 OK"
2026-06-22 08:55:24,910 - INFO - HTTP Request: GET https://huggingface.co/api/models/meta-llama/Llama-3.1-8B-Instruct/xet-read-token/0e9e39f249a16976918f6564b8830bc894c89659 "HTTP/1.1 200 OK"
2026-06-22 08:55:24,915 - INFO - HTTP Request: GET https://huggingface.co/api/models/meta-llama/Llama-3.1-8B-Instruct/xet-read-token/0e9e39f249a16976918f6564b8830bc894c89659 "HTTP/1.1 200 OK"
2026-06-22 08:55:42,732 - INFO - HTTP Request: HEAD https://huggingface.co/meta-llama/Llama-3.1-8B-Instruct/resolve/main/generation_config.json "HTTP/1.1 200 OK"
2026-06-22 08:55:42,870 - INFO - HTTP Request: GET https://huggingface.co/meta-llama/Llama-3.1-8B-Instruct/resolve/main/generation_config.json "HTTP/1.1 200 OK"
2026-06-22 08:55:43,504 - INFO - HTTP Request: HEAD https://huggingface.co/meta-llama/Llama-3.1-8B-Instruct/resolve/main/config.json "HTTP/1.1 200 OK"
2026-06-22 08:55:43,631 - INFO - HTTP Request: HEAD https://huggingface.co/meta-llama/Llama-3.1-8B-Instruct/resolve/main/tokenizer_config.json "HTTP/1.1 200 OK"
2026-06-22 08:55:43,767 - INFO - HTTP Request: GET https://huggingface.co/meta-llama/Llama-3.1-8B-Instruct/resolve/main/tokenizer_config.json "HTTP/1.1 200 OK"
2026-06-22 08:55:43,895 - INFO - HTTP Request: GET https://huggingface.co/api/models/meta-llama/Llama-3.1-8B-Instruct/tree/main/additional_chat_templates?recursive=false&expand=false "HTTP/1.1 404 Not Found"
2026-06-22 08:55:44,029 - INFO - HTTP Request: GET https://huggingface.co/api/models/meta-llama/Llama-3.1-8B-Instruct/tree/main?recursive=true&expand=false "HTTP/1.1 200 OK"
2026-06-22 08:55:44,166 - INFO - HTTP Request: HEAD https://huggingface.co/meta-llama/Llama-3.1-8B-Instruct/resolve/main/tokenizer.json "HTTP/1.1 200 OK"
2026-06-22 08:55:44,304 - INFO - HTTP Request: GET https://huggingface.co/meta-llama/Llama-3.1-8B-Instruct/resolve/main/tokenizer.json "HTTP/1.1 200 OK"
2026-06-22 08:55:45,028 - INFO - HTTP Request: HEAD https://huggingface.co/meta-llama/Llama-3.1-8B-Instruct/resolve/main/tokenizer.model "HTTP/1.1 404 Not Found"
2026-06-22 08:55:45,155 - INFO - HTTP Request: HEAD https://huggingface.co/meta-llama/Llama-3.1-8B-Instruct/resolve/main/added_tokens.json "HTTP/1.1 404 Not Found"
2026-06-22 08:55:45,304 - INFO - HTTP Request: HEAD https://huggingface.co/meta-llama/Llama-3.1-8B-Instruct/resolve/main/special_tokens_map.json "HTTP/1.1 200 OK"
2026-06-22 08:55:45,435 - INFO - HTTP Request: GET https://huggingface.co/meta-llama/Llama-3.1-8B-Instruct/resolve/main/special_tokens_map.json "HTTP/1.1 200 OK"
2026-06-22 08:55:45,570 - INFO - HTTP Request: HEAD https://huggingface.co/meta-llama/Llama-3.1-8B-Instruct/resolve/main/chat_template.jinja "HTTP/1.1 404 Not Found"
2026-06-22 08:55:46,895 - INFO - HTTP Request: GET https://huggingface.co/api/models/meta-llama/Llama-3.1-8B-Instruct "HTTP/1.1 200 OK"
2026-06-22 08:56:42,714 - INFO - Loading SAE...
2026-06-22 08:56:46,624 - INFO - HTTP Request: HEAD https://huggingface.co/Goodfire/Llama-3.1-8B-Instruct-SAE-l19/resolve/main/Llama-3.1-8B-Instruct-SAE-l19.pth "HTTP/1.1 302 Found"
2026-06-22 08:56:48,497 - INFO - Loading feature labels from Neuronpedia...
2026-06-22 08:56:48,497 - INFO - Downloading labels from Neuronpedia...
2026-06-22 08:56:49,168 - INFO - Loaded 0 feature labels
2026-06-22 08:56:49,169 - INFO - SAFE Pipeline ready.
2026-06-22 08:56:49,169 - INFO - Processing: ما هي شروط تأسيس الجمعية الخيرية؟
2026-06-22 08:57:16,716 - INFO - Initial entropy: 1.609
2026-06-22 08:57:16,716 - INFO - Enrichment loop 1
2026-06-22 09:00:37,590 - INFO - Initializing SAFE Pipeline...
2026-06-22 09:00:37,770 - INFO - HTTP Request: HEAD https://huggingface.co/sentence-transformers/paraphrase-multilingual-MiniLM-L12-v2/resolve/main/modules.json "HTTP/1.1 307 Temporary Redirect"
2026-06-22 09:00:37,782 - INFO - HTTP Request: HEAD https://huggingface.co/api/resolve-cache/models/sentence-transformers/paraphrase-multilingual-MiniLM-L12-v2/e8f8c211226b894fcb81acc59f3b34ba3efd5f42/modules.json "HTTP/1.1 200 OK"
2026-06-22 09:00:37,922 - INFO - HTTP Request: HEAD https://huggingface.co/sentence-transformers/paraphrase-multilingual-MiniLM-L12-v2/resolve/main/config_sentence_transformers.json "HTTP/1.1 307 Temporary Redirect"
2026-06-22 09:00:37,935 - INFO - HTTP Request: HEAD https://huggingface.co/api/resolve-cache/models/sentence-transformers/paraphrase-multilingual-MiniLM-L12-v2/e8f8c211226b894fcb81acc59f3b34ba3efd5f42/config_sentence_transformers.json "HTTP/1.1 200 OK"
2026-06-22 09:00:37,936 - INFO - Loading SentenceTransformer model from sentence-transformers/paraphrase-multilingual-MiniLM-L12-v2.
2026-06-22 09:00:38,076 - INFO - HTTP Request: HEAD https://huggingface.co/sentence-transformers/paraphrase-multilingual-MiniLM-L12-v2/resolve/main/config_sentence_transformers.json "HTTP/1.1 307 Temporary Redirect"
2026-06-22 09:00:38,089 - INFO - HTTP Request: HEAD https://huggingface.co/api/resolve-cache/models/sentence-transformers/paraphrase-multilingual-MiniLM-L12-v2/e8f8c211226b894fcb81acc59f3b34ba3efd5f42/config_sentence_transformers.json "HTTP/1.1 200 OK"
2026-06-22 09:00:38,240 - INFO - HTTP Request: HEAD https://huggingface.co/sentence-transformers/paraphrase-multilingual-MiniLM-L12-v2/resolve/main/README.md "HTTP/1.1 307 Temporary Redirect"
2026-06-22 09:00:38,280 - INFO - HTTP Request: HEAD https://huggingface.co/api/resolve-cache/models/sentence-transformers/paraphrase-multilingual-MiniLM-L12-v2/e8f8c211226b894fcb81acc59f3b34ba3efd5f42/README.md "HTTP/1.1 200 OK"
2026-06-22 09:00:38,417 - INFO - HTTP Request: HEAD https://huggingface.co/sentence-transformers/paraphrase-multilingual-MiniLM-L12-v2/resolve/main/modules.json "HTTP/1.1 307 Temporary Redirect"
2026-06-22 09:00:38,430 - INFO - HTTP Request: HEAD https://huggingface.co/api/resolve-cache/models/sentence-transformers/paraphrase-multilingual-MiniLM-L12-v2/e8f8c211226b894fcb81acc59f3b34ba3efd5f42/modules.json "HTTP/1.1 200 OK"
2026-06-22 09:00:38,562 - INFO - HTTP Request: HEAD https://huggingface.co/sentence-transformers/paraphrase-multilingual-MiniLM-L12-v2/resolve/main/sentence_bert_config.json "HTTP/1.1 307 Temporary Redirect"
2026-06-22 09:00:38,599 - INFO - HTTP Request: HEAD https://huggingface.co/api/resolve-cache/models/sentence-transformers/paraphrase-multilingual-MiniLM-L12-v2/e8f8c211226b894fcb81acc59f3b34ba3efd5f42/sentence_bert_config.json "HTTP/1.1 200 OK"
2026-06-22 09:00:38,726 - INFO - HTTP Request: HEAD https://huggingface.co/sentence-transformers/paraphrase-multilingual-MiniLM-L12-v2/resolve/main/adapter_config.json "HTTP/1.1 404 Not Found"
2026-06-22 09:00:38,850 - INFO - HTTP Request: HEAD https://huggingface.co/sentence-transformers/paraphrase-multilingual-MiniLM-L12-v2/resolve/main/config.json "HTTP/1.1 307 Temporary Redirect"
2026-06-22 09:00:38,862 - INFO - HTTP Request: HEAD https://huggingface.co/api/resolve-cache/models/sentence-transformers/paraphrase-multilingual-MiniLM-L12-v2/e8f8c211226b894fcb81acc59f3b34ba3efd5f42/config.json "HTTP/1.1 200 OK"
2026-06-22 09:00:38,991 - INFO - HTTP Request: HEAD https://huggingface.co/sentence-transformers/paraphrase-multilingual-MiniLM-L12-v2/resolve/main/config.json "HTTP/1.1 307 Temporary Redirect"
2026-06-22 09:00:39,004 - INFO - HTTP Request: HEAD https://huggingface.co/api/resolve-cache/models/sentence-transformers/paraphrase-multilingual-MiniLM-L12-v2/e8f8c211226b894fcb81acc59f3b34ba3efd5f42/config.json "HTTP/1.1 200 OK"
2026-06-22 09:00:39,572 - INFO - HTTP Request: HEAD https://huggingface.co/sentence-transformers/paraphrase-multilingual-MiniLM-L12-v2/resolve/main/processor_config.json "HTTP/1.1 404 Not Found"
2026-06-22 09:00:39,731 - INFO - HTTP Request: HEAD https://huggingface.co/sentence-transformers/paraphrase-multilingual-MiniLM-L12-v2/resolve/main/preprocessor_config.json "HTTP/1.1 404 Not Found"
2026-06-22 09:00:39,860 - INFO - HTTP Request: HEAD https://huggingface.co/sentence-transformers/paraphrase-multilingual-MiniLM-L12-v2/resolve/main/video_preprocessor_config.json "HTTP/1.1 404 Not Found"
2026-06-22 09:00:39,990 - INFO - HTTP Request: HEAD https://huggingface.co/sentence-transformers/paraphrase-multilingual-MiniLM-L12-v2/resolve/main/preprocessor_config.json "HTTP/1.1 404 Not Found"
2026-06-22 09:00:40,123 - INFO - HTTP Request: HEAD https://huggingface.co/sentence-transformers/paraphrase-multilingual-MiniLM-L12-v2/resolve/main/tokenizer_config.json "HTTP/1.1 307 Temporary Redirect"
2026-06-22 09:00:40,136 - INFO - HTTP Request: HEAD https://huggingface.co/api/resolve-cache/models/sentence-transformers/paraphrase-multilingual-MiniLM-L12-v2/e8f8c211226b894fcb81acc59f3b34ba3efd5f42/tokenizer_config.json "HTTP/1.1 200 OK"
2026-06-22 09:00:40,262 - INFO - HTTP Request: HEAD https://huggingface.co/sentence-transformers/paraphrase-multilingual-MiniLM-L12-v2/resolve/main/config.json "HTTP/1.1 307 Temporary Redirect"
2026-06-22 09:00:40,276 - INFO - HTTP Request: HEAD https://huggingface.co/api/resolve-cache/models/sentence-transformers/paraphrase-multilingual-MiniLM-L12-v2/e8f8c211226b894fcb81acc59f3b34ba3efd5f42/config.json "HTTP/1.1 200 OK"
2026-06-22 09:00:40,409 - INFO - HTTP Request: HEAD https://huggingface.co/sentence-transformers/paraphrase-multilingual-MiniLM-L12-v2/resolve/main/config.json "HTTP/1.1 307 Temporary Redirect"
2026-06-22 09:00:40,421 - INFO - HTTP Request: HEAD https://huggingface.co/api/resolve-cache/models/sentence-transformers/paraphrase-multilingual-MiniLM-L12-v2/e8f8c211226b894fcb81acc59f3b34ba3efd5f42/config.json "HTTP/1.1 200 OK"
2026-06-22 09:00:40,563 - INFO - HTTP Request: HEAD https://huggingface.co/sentence-transformers/paraphrase-multilingual-MiniLM-L12-v2/resolve/main/tokenizer_config.json "HTTP/1.1 307 Temporary Redirect"
2026-06-22 09:00:40,577 - INFO - HTTP Request: HEAD https://huggingface.co/api/resolve-cache/models/sentence-transformers/paraphrase-multilingual-MiniLM-L12-v2/e8f8c211226b894fcb81acc59f3b34ba3efd5f42/tokenizer_config.json "HTTP/1.1 200 OK"
2026-06-22 09:00:40,703 - INFO - HTTP Request: HEAD https://huggingface.co/sentence-transformers/paraphrase-multilingual-MiniLM-L12-v2/resolve/main/tokenizer_config.json "HTTP/1.1 307 Temporary Redirect"
2026-06-22 09:00:40,716 - INFO - HTTP Request: HEAD https://huggingface.co/api/resolve-cache/models/sentence-transformers/paraphrase-multilingual-MiniLM-L12-v2/e8f8c211226b894fcb81acc59f3b34ba3efd5f42/tokenizer_config.json "HTTP/1.1 200 OK"
2026-06-22 09:00:40,856 - INFO - HTTP Request: GET https://huggingface.co/api/models/sentence-transformers/paraphrase-multilingual-MiniLM-L12-v2/tree/main/additional_chat_templates?recursive=false&expand=false "HTTP/1.1 404 Not Found"
2026-06-22 09:00:40,995 - INFO - HTTP Request: GET https://huggingface.co/api/models/sentence-transformers/paraphrase-multilingual-MiniLM-L12-v2/tree/main?recursive=true&expand=false "HTTP/1.1 200 OK"
2026-06-22 09:00:42,686 - INFO - HTTP Request: GET https://huggingface.co/api/models/sentence-transformers/paraphrase-multilingual-MiniLM-L12-v2 "HTTP/1.1 200 OK"
2026-06-22 09:00:43,071 - INFO - HTTP Request: HEAD https://huggingface.co/sentence-transformers/paraphrase-multilingual-MiniLM-L12-v2/resolve/main/1_Pooling/config.json "HTTP/1.1 307 Temporary Redirect"
2026-06-22 09:00:43,107 - INFO - HTTP Request: HEAD https://huggingface.co/api/resolve-cache/models/sentence-transformers/paraphrase-multilingual-MiniLM-L12-v2/e8f8c211226b894fcb81acc59f3b34ba3efd5f42/1_Pooling%2Fconfig.json "HTTP/1.1 200 OK"
2026-06-22 09:00:43,262 - INFO - HTTP Request: GET https://huggingface.co/api/models/sentence-transformers/paraphrase-multilingual-MiniLM-L12-v2 "HTTP/1.1 200 OK"
2026-06-22 09:00:43,517 - INFO - Loading HookedSAETransformer from ./checkpoints/ft_raca_v2/merged...
2026-06-22 09:00:43,644 - INFO - HTTP Request: HEAD https://huggingface.co/meta-llama/Llama-3.1-8B-Instruct/resolve/main/config.json "HTTP/1.1 200 OK"
2026-06-22 09:00:43,789 - INFO - HTTP Request: HEAD https://huggingface.co/meta-llama/Llama-3.1-8B-Instruct/resolve/main/config.json "HTTP/1.1 200 OK"
2026-06-22 09:00:46,403 - INFO - HTTP Request: HEAD https://huggingface.co/meta-llama/Llama-3.1-8B-Instruct/resolve/main/generation_config.json "HTTP/1.1 200 OK"
2026-06-22 09:00:47,063 - INFO - HTTP Request: HEAD https://huggingface.co/meta-llama/Llama-3.1-8B-Instruct/resolve/main/config.json "HTTP/1.1 200 OK"
2026-06-22 09:00:47,189 - INFO - HTTP Request: HEAD https://huggingface.co/meta-llama/Llama-3.1-8B-Instruct/resolve/main/tokenizer_config.json "HTTP/1.1 200 OK"
2026-06-22 09:00:47,327 - INFO - HTTP Request: GET https://huggingface.co/api/models/meta-llama/Llama-3.1-8B-Instruct/tree/main/additional_chat_templates?recursive=false&expand=false "HTTP/1.1 404 Not Found"
2026-06-22 09:00:47,460 - INFO - HTTP Request: GET https://huggingface.co/api/models/meta-llama/Llama-3.1-8B-Instruct/tree/main?recursive=true&expand=false "HTTP/1.1 200 OK"
2026-06-22 09:00:48,782 - INFO - HTTP Request: GET https://huggingface.co/api/models/meta-llama/Llama-3.1-8B-Instruct "HTTP/1.1 200 OK"
2026-06-22 09:01:42,432 - INFO - Loading SAE...
2026-06-22 09:01:46,297 - INFO - HTTP Request: HEAD https://huggingface.co/Goodfire/Llama-3.1-8B-Instruct-SAE-l19/resolve/main/Llama-3.1-8B-Instruct-SAE-l19.pth "HTTP/1.1 302 Found"
2026-06-22 09:01:48,137 - INFO - Loading feature labels from Neuronpedia...
2026-06-22 09:01:48,137 - INFO - Loading labels from cache...
2026-06-22 09:01:48,137 - INFO - Loaded 0 feature labels
2026-06-22 09:01:48,137 - INFO - SAFE Pipeline ready.
2026-06-22 09:01:48,137 - INFO - Processing: ما هي شروط تأسيس الجمعية الخيرية؟
2026-06-22 09:02:17,321 - INFO - Initial entropy: 1.332
2026-06-22 09:02:17,322 - INFO - Enrichment loop 1
2026-06-22 09:02:42,168 - INFO - New entropy: 1.609
2026-06-22 09:02:42,169 - INFO - Enrichment loop 2
2026-06-22 09:03:05,304 - INFO - New entropy: 1.609
2026-06-22 09:03:05,305 - INFO - Enrichment loop 3
2026-06-22 09:03:39,147 - INFO - New entropy: 1.609
2026-06-22 09:07:54,727 - INFO - Initializing SAFE Pipeline...
2026-06-22 09:07:54,885 - INFO - HTTP Request: HEAD https://huggingface.co/sentence-transformers/paraphrase-multilingual-MiniLM-L12-v2/resolve/main/modules.json "HTTP/1.1 307 Temporary Redirect"
2026-06-22 09:07:54,898 - INFO - HTTP Request: HEAD https://huggingface.co/api/resolve-cache/models/sentence-transformers/paraphrase-multilingual-MiniLM-L12-v2/e8f8c211226b894fcb81acc59f3b34ba3efd5f42/modules.json "HTTP/1.1 200 OK"
2026-06-22 09:07:55,038 - INFO - HTTP Request: HEAD https://huggingface.co/sentence-transformers/paraphrase-multilingual-MiniLM-L12-v2/resolve/main/config_sentence_transformers.json "HTTP/1.1 307 Temporary Redirect"
2026-06-22 09:07:55,051 - INFO - HTTP Request: HEAD https://huggingface.co/api/resolve-cache/models/sentence-transformers/paraphrase-multilingual-MiniLM-L12-v2/e8f8c211226b894fcb81acc59f3b34ba3efd5f42/config_sentence_transformers.json "HTTP/1.1 200 OK"
2026-06-22 09:07:55,053 - INFO - Loading SentenceTransformer model from sentence-transformers/paraphrase-multilingual-MiniLM-L12-v2.
2026-06-22 09:07:55,175 - INFO - HTTP Request: HEAD https://huggingface.co/sentence-transformers/paraphrase-multilingual-MiniLM-L12-v2/resolve/main/config_sentence_transformers.json "HTTP/1.1 307 Temporary Redirect"
2026-06-22 09:07:55,188 - INFO - HTTP Request: HEAD https://huggingface.co/api/resolve-cache/models/sentence-transformers/paraphrase-multilingual-MiniLM-L12-v2/e8f8c211226b894fcb81acc59f3b34ba3efd5f42/config_sentence_transformers.json "HTTP/1.1 200 OK"
2026-06-22 09:07:55,314 - INFO - HTTP Request: HEAD https://huggingface.co/sentence-transformers/paraphrase-multilingual-MiniLM-L12-v2/resolve/main/README.md "HTTP/1.1 307 Temporary Redirect"
2026-06-22 09:07:55,327 - INFO - HTTP Request: HEAD https://huggingface.co/api/resolve-cache/models/sentence-transformers/paraphrase-multilingual-MiniLM-L12-v2/e8f8c211226b894fcb81acc59f3b34ba3efd5f42/README.md "HTTP/1.1 200 OK"
2026-06-22 09:07:55,449 - INFO - HTTP Request: HEAD https://huggingface.co/sentence-transformers/paraphrase-multilingual-MiniLM-L12-v2/resolve/main/modules.json "HTTP/1.1 307 Temporary Redirect"
2026-06-22 09:07:55,462 - INFO - HTTP Request: HEAD https://huggingface.co/api/resolve-cache/models/sentence-transformers/paraphrase-multilingual-MiniLM-L12-v2/e8f8c211226b894fcb81acc59f3b34ba3efd5f42/modules.json "HTTP/1.1 200 OK"
2026-06-22 09:07:55,591 - INFO - HTTP Request: HEAD https://huggingface.co/sentence-transformers/paraphrase-multilingual-MiniLM-L12-v2/resolve/main/sentence_bert_config.json "HTTP/1.1 307 Temporary Redirect"
2026-06-22 09:07:55,603 - INFO - HTTP Request: HEAD https://huggingface.co/api/resolve-cache/models/sentence-transformers/paraphrase-multilingual-MiniLM-L12-v2/e8f8c211226b894fcb81acc59f3b34ba3efd5f42/sentence_bert_config.json "HTTP/1.1 200 OK"
2026-06-22 09:07:55,735 - INFO - HTTP Request: HEAD https://huggingface.co/sentence-transformers/paraphrase-multilingual-MiniLM-L12-v2/resolve/main/adapter_config.json "HTTP/1.1 404 Not Found"
2026-06-22 09:07:55,865 - INFO - HTTP Request: HEAD https://huggingface.co/sentence-transformers/paraphrase-multilingual-MiniLM-L12-v2/resolve/main/config.json "HTTP/1.1 307 Temporary Redirect"
2026-06-22 09:07:55,878 - INFO - HTTP Request: HEAD https://huggingface.co/api/resolve-cache/models/sentence-transformers/paraphrase-multilingual-MiniLM-L12-v2/e8f8c211226b894fcb81acc59f3b34ba3efd5f42/config.json "HTTP/1.1 200 OK"
2026-06-22 09:07:56,019 - INFO - HTTP Request: HEAD https://huggingface.co/sentence-transformers/paraphrase-multilingual-MiniLM-L12-v2/resolve/main/config.json "HTTP/1.1 307 Temporary Redirect"
2026-06-22 09:07:56,032 - INFO - HTTP Request: HEAD https://huggingface.co/api/resolve-cache/models/sentence-transformers/paraphrase-multilingual-MiniLM-L12-v2/e8f8c211226b894fcb81acc59f3b34ba3efd5f42/config.json "HTTP/1.1 200 OK"
2026-06-22 09:07:56,580 - INFO - HTTP Request: HEAD https://huggingface.co/sentence-transformers/paraphrase-multilingual-MiniLM-L12-v2/resolve/main/processor_config.json "HTTP/1.1 404 Not Found"
2026-06-22 09:07:56,709 - INFO - HTTP Request: HEAD https://huggingface.co/sentence-transformers/paraphrase-multilingual-MiniLM-L12-v2/resolve/main/preprocessor_config.json "HTTP/1.1 404 Not Found"
2026-06-22 09:07:56,893 - INFO - HTTP Request: HEAD https://huggingface.co/sentence-transformers/paraphrase-multilingual-MiniLM-L12-v2/resolve/main/video_preprocessor_config.json "HTTP/1.1 404 Not Found"
2026-06-22 09:07:57,019 - INFO - HTTP Request: HEAD https://huggingface.co/sentence-transformers/paraphrase-multilingual-MiniLM-L12-v2/resolve/main/preprocessor_config.json "HTTP/1.1 404 Not Found"
2026-06-22 09:07:57,148 - INFO - HTTP Request: HEAD https://huggingface.co/sentence-transformers/paraphrase-multilingual-MiniLM-L12-v2/resolve/main/tokenizer_config.json "HTTP/1.1 307 Temporary Redirect"
2026-06-22 09:07:57,160 - INFO - HTTP Request: HEAD https://huggingface.co/api/resolve-cache/models/sentence-transformers/paraphrase-multilingual-MiniLM-L12-v2/e8f8c211226b894fcb81acc59f3b34ba3efd5f42/tokenizer_config.json "HTTP/1.1 200 OK"
2026-06-22 09:07:57,286 - INFO - HTTP Request: HEAD https://huggingface.co/sentence-transformers/paraphrase-multilingual-MiniLM-L12-v2/resolve/main/config.json "HTTP/1.1 307 Temporary Redirect"
2026-06-22 09:07:57,300 - INFO - HTTP Request: HEAD https://huggingface.co/api/resolve-cache/models/sentence-transformers/paraphrase-multilingual-MiniLM-L12-v2/e8f8c211226b894fcb81acc59f3b34ba3efd5f42/config.json "HTTP/1.1 200 OK"
2026-06-22 09:07:57,436 - INFO - HTTP Request: HEAD https://huggingface.co/sentence-transformers/paraphrase-multilingual-MiniLM-L12-v2/resolve/main/config.json "HTTP/1.1 307 Temporary Redirect"
2026-06-22 09:07:57,449 - INFO - HTTP Request: HEAD https://huggingface.co/api/resolve-cache/models/sentence-transformers/paraphrase-multilingual-MiniLM-L12-v2/e8f8c211226b894fcb81acc59f3b34ba3efd5f42/config.json "HTTP/1.1 200 OK"
2026-06-22 09:07:57,578 - INFO - HTTP Request: HEAD https://huggingface.co/sentence-transformers/paraphrase-multilingual-MiniLM-L12-v2/resolve/main/tokenizer_config.json "HTTP/1.1 307 Temporary Redirect"
2026-06-22 09:07:57,592 - INFO - HTTP Request: HEAD https://huggingface.co/api/resolve-cache/models/sentence-transformers/paraphrase-multilingual-MiniLM-L12-v2/e8f8c211226b894fcb81acc59f3b34ba3efd5f42/tokenizer_config.json "HTTP/1.1 200 OK"
2026-06-22 09:07:57,715 - INFO - HTTP Request: HEAD https://huggingface.co/sentence-transformers/paraphrase-multilingual-MiniLM-L12-v2/resolve/main/tokenizer_config.json "HTTP/1.1 307 Temporary Redirect"
2026-06-22 09:07:57,728 - INFO - HTTP Request: HEAD https://huggingface.co/api/resolve-cache/models/sentence-transformers/paraphrase-multilingual-MiniLM-L12-v2/e8f8c211226b894fcb81acc59f3b34ba3efd5f42/tokenizer_config.json "HTTP/1.1 200 OK"
2026-06-22 09:07:57,856 - INFO - HTTP Request: GET https://huggingface.co/api/models/sentence-transformers/paraphrase-multilingual-MiniLM-L12-v2/tree/main/additional_chat_templates?recursive=false&expand=false "HTTP/1.1 404 Not Found"
2026-06-22 09:07:57,984 - INFO - HTTP Request: GET https://huggingface.co/api/models/sentence-transformers/paraphrase-multilingual-MiniLM-L12-v2/tree/main?recursive=true&expand=false "HTTP/1.1 200 OK"
2026-06-22 09:07:59,708 - INFO - HTTP Request: GET https://huggingface.co/api/models/sentence-transformers/paraphrase-multilingual-MiniLM-L12-v2 "HTTP/1.1 200 OK"
2026-06-22 09:08:00,103 - INFO - HTTP Request: HEAD https://huggingface.co/sentence-transformers/paraphrase-multilingual-MiniLM-L12-v2/resolve/main/1_Pooling/config.json "HTTP/1.1 307 Temporary Redirect"
2026-06-22 09:08:00,114 - INFO - HTTP Request: HEAD https://huggingface.co/api/resolve-cache/models/sentence-transformers/paraphrase-multilingual-MiniLM-L12-v2/e8f8c211226b894fcb81acc59f3b34ba3efd5f42/1_Pooling%2Fconfig.json "HTTP/1.1 200 OK"
2026-06-22 09:08:00,242 - INFO - HTTP Request: GET https://huggingface.co/api/models/sentence-transformers/paraphrase-multilingual-MiniLM-L12-v2 "HTTP/1.1 200 OK"
2026-06-22 09:08:00,521 - INFO - Loading HookedSAETransformer from ./checkpoints/ft_raca_v2/merged...
2026-06-22 09:08:05,034 - INFO - HTTP Request: HEAD https://huggingface.co/meta-llama/Llama-3.1-8B-Instruct/resolve/main/config.json "HTTP/1.1 200 OK"
2026-06-22 09:08:05,165 - INFO - HTTP Request: HEAD https://huggingface.co/meta-llama/Llama-3.1-8B-Instruct/resolve/main/tokenizer_config.json "HTTP/1.1 200 OK"
2026-06-22 09:08:05,295 - INFO - HTTP Request: GET https://huggingface.co/api/models/meta-llama/Llama-3.1-8B-Instruct/tree/main/additional_chat_templates?recursive=false&expand=false "HTTP/1.1 404 Not Found"
2026-06-22 09:08:05,428 - INFO - HTTP Request: GET https://huggingface.co/api/models/meta-llama/Llama-3.1-8B-Instruct/tree/main?recursive=true&expand=false "HTTP/1.1 200 OK"
2026-06-22 09:08:06,648 - INFO - HTTP Request: GET https://huggingface.co/api/models/meta-llama/Llama-3.1-8B-Instruct "HTTP/1.1 200 OK"
2026-06-22 09:09:33,463 - INFO - Initializing SAFE Pipeline...
2026-06-22 09:09:33,647 - INFO - HTTP Request: HEAD https://huggingface.co/sentence-transformers/paraphrase-multilingual-MiniLM-L12-v2/resolve/main/modules.json "HTTP/1.1 307 Temporary Redirect"
2026-06-22 09:09:33,659 - INFO - HTTP Request: HEAD https://huggingface.co/api/resolve-cache/models/sentence-transformers/paraphrase-multilingual-MiniLM-L12-v2/e8f8c211226b894fcb81acc59f3b34ba3efd5f42/modules.json "HTTP/1.1 200 OK"
2026-06-22 09:09:33,794 - INFO - HTTP Request: HEAD https://huggingface.co/sentence-transformers/paraphrase-multilingual-MiniLM-L12-v2/resolve/main/config_sentence_transformers.json "HTTP/1.1 307 Temporary Redirect"
2026-06-22 09:09:33,807 - INFO - HTTP Request: HEAD https://huggingface.co/api/resolve-cache/models/sentence-transformers/paraphrase-multilingual-MiniLM-L12-v2/e8f8c211226b894fcb81acc59f3b34ba3efd5f42/config_sentence_transformers.json "HTTP/1.1 200 OK"
2026-06-22 09:09:33,808 - INFO - Loading SentenceTransformer model from sentence-transformers/paraphrase-multilingual-MiniLM-L12-v2.
2026-06-22 09:09:33,969 - INFO - HTTP Request: HEAD https://huggingface.co/sentence-transformers/paraphrase-multilingual-MiniLM-L12-v2/resolve/main/config_sentence_transformers.json "HTTP/1.1 307 Temporary Redirect"
2026-06-22 09:09:33,983 - INFO - HTTP Request: HEAD https://huggingface.co/api/resolve-cache/models/sentence-transformers/paraphrase-multilingual-MiniLM-L12-v2/e8f8c211226b894fcb81acc59f3b34ba3efd5f42/config_sentence_transformers.json "HTTP/1.1 200 OK"
2026-06-22 09:09:34,107 - INFO - HTTP Request: HEAD https://huggingface.co/sentence-transformers/paraphrase-multilingual-MiniLM-L12-v2/resolve/main/README.md "HTTP/1.1 307 Temporary Redirect"
2026-06-22 09:09:34,121 - INFO - HTTP Request: HEAD https://huggingface.co/api/resolve-cache/models/sentence-transformers/paraphrase-multilingual-MiniLM-L12-v2/e8f8c211226b894fcb81acc59f3b34ba3efd5f42/README.md "HTTP/1.1 200 OK"
2026-06-22 09:09:34,250 - INFO - HTTP Request: HEAD https://huggingface.co/sentence-transformers/paraphrase-multilingual-MiniLM-L12-v2/resolve/main/modules.json "HTTP/1.1 307 Temporary Redirect"
2026-06-22 09:09:34,263 - INFO - HTTP Request: HEAD https://huggingface.co/api/resolve-cache/models/sentence-transformers/paraphrase-multilingual-MiniLM-L12-v2/e8f8c211226b894fcb81acc59f3b34ba3efd5f42/modules.json "HTTP/1.1 200 OK"
2026-06-22 09:09:34,397 - INFO - HTTP Request: HEAD https://huggingface.co/sentence-transformers/paraphrase-multilingual-MiniLM-L12-v2/resolve/main/sentence_bert_config.json "HTTP/1.1 307 Temporary Redirect"
2026-06-22 09:09:34,409 - INFO - HTTP Request: HEAD https://huggingface.co/api/resolve-cache/models/sentence-transformers/paraphrase-multilingual-MiniLM-L12-v2/e8f8c211226b894fcb81acc59f3b34ba3efd5f42/sentence_bert_config.json "HTTP/1.1 200 OK"
2026-06-22 09:09:34,535 - INFO - HTTP Request: HEAD https://huggingface.co/sentence-transformers/paraphrase-multilingual-MiniLM-L12-v2/resolve/main/adapter_config.json "HTTP/1.1 404 Not Found"
2026-06-22 09:09:34,661 - INFO - HTTP Request: HEAD https://huggingface.co/sentence-transformers/paraphrase-multilingual-MiniLM-L12-v2/resolve/main/config.json "HTTP/1.1 307 Temporary Redirect"
2026-06-22 09:09:34,673 - INFO - HTTP Request: HEAD https://huggingface.co/api/resolve-cache/models/sentence-transformers/paraphrase-multilingual-MiniLM-L12-v2/e8f8c211226b894fcb81acc59f3b34ba3efd5f42/config.json "HTTP/1.1 200 OK"
2026-06-22 09:09:34,816 - INFO - HTTP Request: HEAD https://huggingface.co/sentence-transformers/paraphrase-multilingual-MiniLM-L12-v2/resolve/main/config.json "HTTP/1.1 307 Temporary Redirect"
2026-06-22 09:09:34,828 - INFO - HTTP Request: HEAD https://huggingface.co/api/resolve-cache/models/sentence-transformers/paraphrase-multilingual-MiniLM-L12-v2/e8f8c211226b894fcb81acc59f3b34ba3efd5f42/config.json "HTTP/1.1 200 OK"
2026-06-22 09:09:35,397 - INFO - HTTP Request: HEAD https://huggingface.co/sentence-transformers/paraphrase-multilingual-MiniLM-L12-v2/resolve/main/processor_config.json "HTTP/1.1 404 Not Found"
2026-06-22 09:09:35,526 - INFO - HTTP Request: HEAD https://huggingface.co/sentence-transformers/paraphrase-multilingual-MiniLM-L12-v2/resolve/main/preprocessor_config.json "HTTP/1.1 404 Not Found"
2026-06-22 09:09:35,651 - INFO - HTTP Request: HEAD https://huggingface.co/sentence-transformers/paraphrase-multilingual-MiniLM-L12-v2/resolve/main/video_preprocessor_config.json "HTTP/1.1 404 Not Found"
2026-06-22 09:09:35,777 - INFO - HTTP Request: HEAD https://huggingface.co/sentence-transformers/paraphrase-multilingual-MiniLM-L12-v2/resolve/main/preprocessor_config.json "HTTP/1.1 404 Not Found"
2026-06-22 09:09:35,897 - INFO - HTTP Request: HEAD https://huggingface.co/sentence-transformers/paraphrase-multilingual-MiniLM-L12-v2/resolve/main/tokenizer_config.json "HTTP/1.1 307 Temporary Redirect"
2026-06-22 09:09:35,909 - INFO - HTTP Request: HEAD https://huggingface.co/api/resolve-cache/models/sentence-transformers/paraphrase-multilingual-MiniLM-L12-v2/e8f8c211226b894fcb81acc59f3b34ba3efd5f42/tokenizer_config.json "HTTP/1.1 200 OK"
2026-06-22 09:09:36,033 - INFO - HTTP Request: HEAD https://huggingface.co/sentence-transformers/paraphrase-multilingual-MiniLM-L12-v2/resolve/main/config.json "HTTP/1.1 307 Temporary Redirect"
2026-06-22 09:09:36,045 - INFO - HTTP Request: HEAD https://huggingface.co/api/resolve-cache/models/sentence-transformers/paraphrase-multilingual-MiniLM-L12-v2/e8f8c211226b894fcb81acc59f3b34ba3efd5f42/config.json "HTTP/1.1 200 OK"
2026-06-22 09:09:36,171 - INFO - HTTP Request: HEAD https://huggingface.co/sentence-transformers/paraphrase-multilingual-MiniLM-L12-v2/resolve/main/config.json "HTTP/1.1 307 Temporary Redirect"
2026-06-22 09:09:36,183 - INFO - HTTP Request: HEAD https://huggingface.co/api/resolve-cache/models/sentence-transformers/paraphrase-multilingual-MiniLM-L12-v2/e8f8c211226b894fcb81acc59f3b34ba3efd5f42/config.json "HTTP/1.1 200 OK"
2026-06-22 09:09:36,311 - INFO - HTTP Request: HEAD https://huggingface.co/sentence-transformers/paraphrase-multilingual-MiniLM-L12-v2/resolve/main/tokenizer_config.json "HTTP/1.1 307 Temporary Redirect"
2026-06-22 09:09:36,324 - INFO - HTTP Request: HEAD https://huggingface.co/api/resolve-cache/models/sentence-transformers/paraphrase-multilingual-MiniLM-L12-v2/e8f8c211226b894fcb81acc59f3b34ba3efd5f42/tokenizer_config.json "HTTP/1.1 200 OK"
2026-06-22 09:09:36,452 - INFO - HTTP Request: HEAD https://huggingface.co/sentence-transformers/paraphrase-multilingual-MiniLM-L12-v2/resolve/main/tokenizer_config.json "HTTP/1.1 307 Temporary Redirect"
2026-06-22 09:09:36,464 - INFO - HTTP Request: HEAD https://huggingface.co/api/resolve-cache/models/sentence-transformers/paraphrase-multilingual-MiniLM-L12-v2/e8f8c211226b894fcb81acc59f3b34ba3efd5f42/tokenizer_config.json "HTTP/1.1 200 OK"
2026-06-22 09:09:36,590 - INFO - HTTP Request: GET https://huggingface.co/api/models/sentence-transformers/paraphrase-multilingual-MiniLM-L12-v2/tree/main/additional_chat_templates?recursive=false&expand=false "HTTP/1.1 404 Not Found"
2026-06-22 09:09:36,719 - INFO - HTTP Request: GET https://huggingface.co/api/models/sentence-transformers/paraphrase-multilingual-MiniLM-L12-v2/tree/main?recursive=true&expand=false "HTTP/1.1 200 OK"
2026-06-22 09:09:38,464 - INFO - HTTP Request: GET https://huggingface.co/api/models/sentence-transformers/paraphrase-multilingual-MiniLM-L12-v2 "HTTP/1.1 200 OK"
2026-06-22 09:09:38,776 - INFO - HTTP Request: HEAD https://huggingface.co/sentence-transformers/paraphrase-multilingual-MiniLM-L12-v2/resolve/main/1_Pooling/config.json "HTTP/1.1 307 Temporary Redirect"
2026-06-22 09:09:38,787 - INFO - HTTP Request: HEAD https://huggingface.co/api/resolve-cache/models/sentence-transformers/paraphrase-multilingual-MiniLM-L12-v2/e8f8c211226b894fcb81acc59f3b34ba3efd5f42/1_Pooling%2Fconfig.json "HTTP/1.1 200 OK"
2026-06-22 09:09:38,925 - INFO - HTTP Request: GET https://huggingface.co/api/models/sentence-transformers/paraphrase-multilingual-MiniLM-L12-v2 "HTTP/1.1 200 OK"
2026-06-22 09:09:39,175 - INFO - Loading HookedSAETransformer from ./checkpoints/ft_raca_v2/merged...
2026-06-22 09:09:44,028 - INFO - HTTP Request: HEAD https://huggingface.co/meta-llama/Llama-3.1-8B-Instruct/resolve/main/config.json "HTTP/1.1 200 OK"
2026-06-22 09:09:44,159 - INFO - HTTP Request: HEAD https://huggingface.co/meta-llama/Llama-3.1-8B-Instruct/resolve/main/tokenizer_config.json "HTTP/1.1 200 OK"
2026-06-22 09:09:44,289 - INFO - HTTP Request: GET https://huggingface.co/api/models/meta-llama/Llama-3.1-8B-Instruct/tree/main/additional_chat_templates?recursive=false&expand=false "HTTP/1.1 404 Not Found"
2026-06-22 09:09:44,433 - INFO - HTTP Request: GET https://huggingface.co/api/models/meta-llama/Llama-3.1-8B-Instruct/tree/main?recursive=true&expand=false "HTTP/1.1 200 OK"
2026-06-22 09:09:45,728 - INFO - HTTP Request: GET https://huggingface.co/api/models/meta-llama/Llama-3.1-8B-Instruct "HTTP/1.1 200 OK"
2026-06-22 09:10:02,002 - INFO - Loading SAE...
2026-06-22 09:10:05,866 - INFO - HTTP Request: HEAD https://huggingface.co/Goodfire/Llama-3.1-8B-Instruct-SAE-l19/resolve/main/Llama-3.1-8B-Instruct-SAE-l19.pth "HTTP/1.1 302 Found"
2026-06-22 09:10:07,531 - INFO - Loading feature labels from Neuronpedia...
2026-06-22 09:10:07,531 - INFO - Loading labels from cache...
2026-06-22 09:10:07,531 - INFO - Loaded 0 feature labels
2026-06-22 09:10:07,531 - INFO - SAFE Pipeline ready.
2026-06-22 09:10:07,531 - INFO - Processing: ما هي شروط تأسيس الجمعية الخيرية؟
2026-06-22 09:10:23,093 - INFO - Initial entropy: 1.609
2026-06-22 09:10:23,093 - INFO - Enrichment loop 1
2026-06-22 09:10:36,177 - INFO - New entropy: 1.609
2026-06-22 09:10:36,178 - INFO - Enrichment loop 2
2026-06-22 09:11:02,861 - INFO - New entropy: 1.609
2026-06-22 09:11:02,861 - INFO - Enrichment loop 3
2026-06-22 09:11:20,659 - INFO - New entropy: 1.332
2026-06-22 09:31:27,141 - INFO - No device provided, using cuda:0
2026-06-22 09:31:27,325 - INFO - HTTP Request: HEAD https://huggingface.co/sentence-transformers/paraphrase-multilingual-MiniLM-L12-v2/resolve/main/modules.json "HTTP/1.1 307 Temporary Redirect"
2026-06-22 09:31:27,339 - INFO - HTTP Request: HEAD https://huggingface.co/api/resolve-cache/models/sentence-transformers/paraphrase-multilingual-MiniLM-L12-v2/e8f8c211226b894fcb81acc59f3b34ba3efd5f42/modules.json "HTTP/1.1 200 OK"
2026-06-22 09:31:27,467 - INFO - HTTP Request: HEAD https://huggingface.co/sentence-transformers/paraphrase-multilingual-MiniLM-L12-v2/resolve/main/config_sentence_transformers.json "HTTP/1.1 307 Temporary Redirect"
2026-06-22 09:31:27,481 - INFO - HTTP Request: HEAD https://huggingface.co/api/resolve-cache/models/sentence-transformers/paraphrase-multilingual-MiniLM-L12-v2/e8f8c211226b894fcb81acc59f3b34ba3efd5f42/config_sentence_transformers.json "HTTP/1.1 200 OK"
2026-06-22 09:31:27,482 - INFO - Loading SentenceTransformer model from sentence-transformers/paraphrase-multilingual-MiniLM-L12-v2.
2026-06-22 09:31:27,610 - INFO - HTTP Request: HEAD https://huggingface.co/sentence-transformers/paraphrase-multilingual-MiniLM-L12-v2/resolve/main/config_sentence_transformers.json "HTTP/1.1 307 Temporary Redirect"
2026-06-22 09:31:27,624 - INFO - HTTP Request: HEAD https://huggingface.co/api/resolve-cache/models/sentence-transformers/paraphrase-multilingual-MiniLM-L12-v2/e8f8c211226b894fcb81acc59f3b34ba3efd5f42/config_sentence_transformers.json "HTTP/1.1 200 OK"
2026-06-22 09:31:27,750 - INFO - HTTP Request: HEAD https://huggingface.co/sentence-transformers/paraphrase-multilingual-MiniLM-L12-v2/resolve/main/README.md "HTTP/1.1 307 Temporary Redirect"
2026-06-22 09:31:27,764 - INFO - HTTP Request: HEAD https://huggingface.co/api/resolve-cache/models/sentence-transformers/paraphrase-multilingual-MiniLM-L12-v2/e8f8c211226b894fcb81acc59f3b34ba3efd5f42/README.md "HTTP/1.1 200 OK"
2026-06-22 09:31:27,894 - INFO - HTTP Request: HEAD https://huggingface.co/sentence-transformers/paraphrase-multilingual-MiniLM-L12-v2/resolve/main/modules.json "HTTP/1.1 307 Temporary Redirect"
2026-06-22 09:31:27,909 - INFO - HTTP Request: HEAD https://huggingface.co/api/resolve-cache/models/sentence-transformers/paraphrase-multilingual-MiniLM-L12-v2/e8f8c211226b894fcb81acc59f3b34ba3efd5f42/modules.json "HTTP/1.1 200 OK"
2026-06-22 09:31:28,038 - INFO - HTTP Request: HEAD https://huggingface.co/sentence-transformers/paraphrase-multilingual-MiniLM-L12-v2/resolve/main/sentence_bert_config.json "HTTP/1.1 307 Temporary Redirect"
2026-06-22 09:31:28,052 - INFO - HTTP Request: HEAD https://huggingface.co/api/resolve-cache/models/sentence-transformers/paraphrase-multilingual-MiniLM-L12-v2/e8f8c211226b894fcb81acc59f3b34ba3efd5f42/sentence_bert_config.json "HTTP/1.1 200 OK"
2026-06-22 09:31:28,177 - INFO - HTTP Request: HEAD https://huggingface.co/sentence-transformers/paraphrase-multilingual-MiniLM-L12-v2/resolve/main/adapter_config.json "HTTP/1.1 404 Not Found"
2026-06-22 09:31:28,301 - INFO - HTTP Request: HEAD https://huggingface.co/sentence-transformers/paraphrase-multilingual-MiniLM-L12-v2/resolve/main/config.json "HTTP/1.1 307 Temporary Redirect"
2026-06-22 09:31:28,315 - INFO - HTTP Request: HEAD https://huggingface.co/api/resolve-cache/models/sentence-transformers/paraphrase-multilingual-MiniLM-L12-v2/e8f8c211226b894fcb81acc59f3b34ba3efd5f42/config.json "HTTP/1.1 200 OK"
2026-06-22 09:31:28,444 - INFO - HTTP Request: HEAD https://huggingface.co/sentence-transformers/paraphrase-multilingual-MiniLM-L12-v2/resolve/main/config.json "HTTP/1.1 307 Temporary Redirect"
2026-06-22 09:31:28,459 - INFO - HTTP Request: HEAD https://huggingface.co/api/resolve-cache/models/sentence-transformers/paraphrase-multilingual-MiniLM-L12-v2/e8f8c211226b894fcb81acc59f3b34ba3efd5f42/config.json "HTTP/1.1 200 OK"
2026-06-22 09:31:29,028 - INFO - HTTP Request: HEAD https://huggingface.co/sentence-transformers/paraphrase-multilingual-MiniLM-L12-v2/resolve/main/processor_config.json "HTTP/1.1 404 Not Found"
2026-06-22 09:31:29,156 - INFO - HTTP Request: HEAD https://huggingface.co/sentence-transformers/paraphrase-multilingual-MiniLM-L12-v2/resolve/main/preprocessor_config.json "HTTP/1.1 404 Not Found"
2026-06-22 09:31:29,284 - INFO - HTTP Request: HEAD https://huggingface.co/sentence-transformers/paraphrase-multilingual-MiniLM-L12-v2/resolve/main/video_preprocessor_config.json "HTTP/1.1 404 Not Found"
2026-06-22 09:31:29,414 - INFO - HTTP Request: HEAD https://huggingface.co/sentence-transformers/paraphrase-multilingual-MiniLM-L12-v2/resolve/main/preprocessor_config.json "HTTP/1.1 404 Not Found"
2026-06-22 09:31:29,545 - INFO - HTTP Request: HEAD https://huggingface.co/sentence-transformers/paraphrase-multilingual-MiniLM-L12-v2/resolve/main/tokenizer_config.json "HTTP/1.1 307 Temporary Redirect"
2026-06-22 09:31:29,559 - INFO - HTTP Request: HEAD https://huggingface.co/api/resolve-cache/models/sentence-transformers/paraphrase-multilingual-MiniLM-L12-v2/e8f8c211226b894fcb81acc59f3b34ba3efd5f42/tokenizer_config.json "HTTP/1.1 200 OK"
2026-06-22 09:31:29,682 - INFO - HTTP Request: HEAD https://huggingface.co/sentence-transformers/paraphrase-multilingual-MiniLM-L12-v2/resolve/main/config.json "HTTP/1.1 307 Temporary Redirect"
2026-06-22 09:31:29,696 - INFO - HTTP Request: HEAD https://huggingface.co/api/resolve-cache/models/sentence-transformers/paraphrase-multilingual-MiniLM-L12-v2/e8f8c211226b894fcb81acc59f3b34ba3efd5f42/config.json "HTTP/1.1 200 OK"
2026-06-22 09:31:29,827 - INFO - HTTP Request: HEAD https://huggingface.co/sentence-transformers/paraphrase-multilingual-MiniLM-L12-v2/resolve/main/config.json "HTTP/1.1 307 Temporary Redirect"
2026-06-22 09:31:29,841 - INFO - HTTP Request: HEAD https://huggingface.co/api/resolve-cache/models/sentence-transformers/paraphrase-multilingual-MiniLM-L12-v2/e8f8c211226b894fcb81acc59f3b34ba3efd5f42/config.json "HTTP/1.1 200 OK"
2026-06-22 09:31:29,984 - INFO - HTTP Request: HEAD https://huggingface.co/sentence-transformers/paraphrase-multilingual-MiniLM-L12-v2/resolve/main/tokenizer_config.json "HTTP/1.1 307 Temporary Redirect"
2026-06-22 09:31:29,999 - INFO - HTTP Request: HEAD https://huggingface.co/api/resolve-cache/models/sentence-transformers/paraphrase-multilingual-MiniLM-L12-v2/e8f8c211226b894fcb81acc59f3b34ba3efd5f42/tokenizer_config.json "HTTP/1.1 200 OK"
2026-06-22 09:31:30,139 - INFO - HTTP Request: HEAD https://huggingface.co/sentence-transformers/paraphrase-multilingual-MiniLM-L12-v2/resolve/main/tokenizer_config.json "HTTP/1.1 307 Temporary Redirect"
2026-06-22 09:31:30,153 - INFO - HTTP Request: HEAD https://huggingface.co/api/resolve-cache/models/sentence-transformers/paraphrase-multilingual-MiniLM-L12-v2/e8f8c211226b894fcb81acc59f3b34ba3efd5f42/tokenizer_config.json "HTTP/1.1 200 OK"
2026-06-22 09:31:30,295 - INFO - HTTP Request: GET https://huggingface.co/api/models/sentence-transformers/paraphrase-multilingual-MiniLM-L12-v2/tree/main/additional_chat_templates?recursive=false&expand=false "HTTP/1.1 404 Not Found"
2026-06-22 09:31:30,437 - INFO - HTTP Request: GET https://huggingface.co/api/models/sentence-transformers/paraphrase-multilingual-MiniLM-L12-v2/tree/main?recursive=true&expand=false "HTTP/1.1 200 OK"
2026-06-22 09:31:32,165 - INFO - HTTP Request: GET https://huggingface.co/api/models/sentence-transformers/paraphrase-multilingual-MiniLM-L12-v2 "HTTP/1.1 200 OK"
2026-06-22 09:31:32,548 - INFO - HTTP Request: HEAD https://huggingface.co/sentence-transformers/paraphrase-multilingual-MiniLM-L12-v2/resolve/main/1_Pooling/config.json "HTTP/1.1 307 Temporary Redirect"
2026-06-22 09:31:32,561 - INFO - HTTP Request: HEAD https://huggingface.co/api/resolve-cache/models/sentence-transformers/paraphrase-multilingual-MiniLM-L12-v2/e8f8c211226b894fcb81acc59f3b34ba3efd5f42/1_Pooling%2Fconfig.json "HTTP/1.1 200 OK"
2026-06-22 09:31:32,688 - INFO - HTTP Request: GET https://huggingface.co/api/models/sentence-transformers/paraphrase-multilingual-MiniLM-L12-v2 "HTTP/1.1 200 OK"
2026-06-22 09:31:32,938 - INFO - Initializing SAFE Pipeline...
2026-06-22 09:31:33,064 - INFO - HTTP Request: HEAD https://huggingface.co/sentence-transformers/paraphrase-multilingual-MiniLM-L12-v2/resolve/main/modules.json "HTTP/1.1 307 Temporary Redirect"
2026-06-22 09:31:33,077 - INFO - HTTP Request: HEAD https://huggingface.co/api/resolve-cache/models/sentence-transformers/paraphrase-multilingual-MiniLM-L12-v2/e8f8c211226b894fcb81acc59f3b34ba3efd5f42/modules.json "HTTP/1.1 200 OK"
2026-06-22 09:31:33,198 - INFO - HTTP Request: HEAD https://huggingface.co/sentence-transformers/paraphrase-multilingual-MiniLM-L12-v2/resolve/main/config_sentence_transformers.json "HTTP/1.1 307 Temporary Redirect"
2026-06-22 09:31:33,212 - INFO - HTTP Request: HEAD https://huggingface.co/api/resolve-cache/models/sentence-transformers/paraphrase-multilingual-MiniLM-L12-v2/e8f8c211226b894fcb81acc59f3b34ba3efd5f42/config_sentence_transformers.json "HTTP/1.1 200 OK"
2026-06-22 09:31:33,213 - INFO - Loading SentenceTransformer model from sentence-transformers/paraphrase-multilingual-MiniLM-L12-v2.
2026-06-22 09:31:33,339 - INFO - HTTP Request: HEAD https://huggingface.co/sentence-transformers/paraphrase-multilingual-MiniLM-L12-v2/resolve/main/config_sentence_transformers.json "HTTP/1.1 307 Temporary Redirect"
2026-06-22 09:31:33,353 - INFO - HTTP Request: HEAD https://huggingface.co/api/resolve-cache/models/sentence-transformers/paraphrase-multilingual-MiniLM-L12-v2/e8f8c211226b894fcb81acc59f3b34ba3efd5f42/config_sentence_transformers.json "HTTP/1.1 200 OK"
2026-06-22 09:31:33,480 - INFO - HTTP Request: HEAD https://huggingface.co/sentence-transformers/paraphrase-multilingual-MiniLM-L12-v2/resolve/main/README.md "HTTP/1.1 307 Temporary Redirect"
2026-06-22 09:31:33,495 - INFO - HTTP Request: HEAD https://huggingface.co/api/resolve-cache/models/sentence-transformers/paraphrase-multilingual-MiniLM-L12-v2/e8f8c211226b894fcb81acc59f3b34ba3efd5f42/README.md "HTTP/1.1 200 OK"
2026-06-22 09:31:33,647 - INFO - HTTP Request: HEAD https://huggingface.co/sentence-transformers/paraphrase-multilingual-MiniLM-L12-v2/resolve/main/modules.json "HTTP/1.1 307 Temporary Redirect"
2026-06-22 09:31:33,662 - INFO - HTTP Request: HEAD https://huggingface.co/api/resolve-cache/models/sentence-transformers/paraphrase-multilingual-MiniLM-L12-v2/e8f8c211226b894fcb81acc59f3b34ba3efd5f42/modules.json "HTTP/1.1 200 OK"
2026-06-22 09:31:34,022 - INFO - HTTP Request: HEAD https://huggingface.co/sentence-transformers/paraphrase-multilingual-MiniLM-L12-v2/resolve/main/sentence_bert_config.json "HTTP/1.1 307 Temporary Redirect"
2026-06-22 09:31:34,037 - INFO - HTTP Request: HEAD https://huggingface.co/api/resolve-cache/models/sentence-transformers/paraphrase-multilingual-MiniLM-L12-v2/e8f8c211226b894fcb81acc59f3b34ba3efd5f42/sentence_bert_config.json "HTTP/1.1 200 OK"
2026-06-22 09:31:34,167 - INFO - HTTP Request: HEAD https://huggingface.co/sentence-transformers/paraphrase-multilingual-MiniLM-L12-v2/resolve/main/adapter_config.json "HTTP/1.1 404 Not Found"
2026-06-22 09:31:34,298 - INFO - HTTP Request: HEAD https://huggingface.co/sentence-transformers/paraphrase-multilingual-MiniLM-L12-v2/resolve/main/config.json "HTTP/1.1 307 Temporary Redirect"
2026-06-22 09:31:34,311 - INFO - HTTP Request: HEAD https://huggingface.co/api/resolve-cache/models/sentence-transformers/paraphrase-multilingual-MiniLM-L12-v2/e8f8c211226b894fcb81acc59f3b34ba3efd5f42/config.json "HTTP/1.1 200 OK"
2026-06-22 09:31:34,446 - INFO - HTTP Request: HEAD https://huggingface.co/sentence-transformers/paraphrase-multilingual-MiniLM-L12-v2/resolve/main/config.json "HTTP/1.1 307 Temporary Redirect"
2026-06-22 09:31:34,459 - INFO - HTTP Request: HEAD https://huggingface.co/api/resolve-cache/models/sentence-transformers/paraphrase-multilingual-MiniLM-L12-v2/e8f8c211226b894fcb81acc59f3b34ba3efd5f42/config.json "HTTP/1.1 200 OK"
2026-06-22 09:31:34,697 - INFO - HTTP Request: HEAD https://huggingface.co/sentence-transformers/paraphrase-multilingual-MiniLM-L12-v2/resolve/main/processor_config.json "HTTP/1.1 404 Not Found"
2026-06-22 09:31:34,843 - INFO - HTTP Request: HEAD https://huggingface.co/sentence-transformers/paraphrase-multilingual-MiniLM-L12-v2/resolve/main/preprocessor_config.json "HTTP/1.1 404 Not Found"
2026-06-22 09:31:34,980 - INFO - HTTP Request: HEAD https://huggingface.co/sentence-transformers/paraphrase-multilingual-MiniLM-L12-v2/resolve/main/video_preprocessor_config.json "HTTP/1.1 404 Not Found"
2026-06-22 09:31:35,108 - INFO - HTTP Request: HEAD https://huggingface.co/sentence-transformers/paraphrase-multilingual-MiniLM-L12-v2/resolve/main/preprocessor_config.json "HTTP/1.1 404 Not Found"
2026-06-22 09:31:35,237 - INFO - HTTP Request: HEAD https://huggingface.co/sentence-transformers/paraphrase-multilingual-MiniLM-L12-v2/resolve/main/tokenizer_config.json "HTTP/1.1 307 Temporary Redirect"
2026-06-22 09:31:35,253 - INFO - HTTP Request: HEAD https://huggingface.co/api/resolve-cache/models/sentence-transformers/paraphrase-multilingual-MiniLM-L12-v2/e8f8c211226b894fcb81acc59f3b34ba3efd5f42/tokenizer_config.json "HTTP/1.1 200 OK"
2026-06-22 09:31:35,383 - INFO - HTTP Request: HEAD https://huggingface.co/sentence-transformers/paraphrase-multilingual-MiniLM-L12-v2/resolve/main/config.json "HTTP/1.1 307 Temporary Redirect"
2026-06-22 09:31:35,396 - INFO - HTTP Request: HEAD https://huggingface.co/api/resolve-cache/models/sentence-transformers/paraphrase-multilingual-MiniLM-L12-v2/e8f8c211226b894fcb81acc59f3b34ba3efd5f42/config.json "HTTP/1.1 200 OK"
2026-06-22 09:31:35,522 - INFO - HTTP Request: HEAD https://huggingface.co/sentence-transformers/paraphrase-multilingual-MiniLM-L12-v2/resolve/main/config.json "HTTP/1.1 307 Temporary Redirect"
2026-06-22 09:31:35,537 - INFO - HTTP Request: HEAD https://huggingface.co/api/resolve-cache/models/sentence-transformers/paraphrase-multilingual-MiniLM-L12-v2/e8f8c211226b894fcb81acc59f3b34ba3efd5f42/config.json "HTTP/1.1 200 OK"
2026-06-22 09:31:35,668 - INFO - HTTP Request: HEAD https://huggingface.co/sentence-transformers/paraphrase-multilingual-MiniLM-L12-v2/resolve/main/tokenizer_config.json "HTTP/1.1 307 Temporary Redirect"
2026-06-22 09:31:35,681 - INFO - HTTP Request: HEAD https://huggingface.co/api/resolve-cache/models/sentence-transformers/paraphrase-multilingual-MiniLM-L12-v2/e8f8c211226b894fcb81acc59f3b34ba3efd5f42/tokenizer_config.json "HTTP/1.1 200 OK"
2026-06-22 09:31:35,809 - INFO - HTTP Request: HEAD https://huggingface.co/sentence-transformers/paraphrase-multilingual-MiniLM-L12-v2/resolve/main/tokenizer_config.json "HTTP/1.1 307 Temporary Redirect"
2026-06-22 09:31:35,825 - INFO - HTTP Request: HEAD https://huggingface.co/api/resolve-cache/models/sentence-transformers/paraphrase-multilingual-MiniLM-L12-v2/e8f8c211226b894fcb81acc59f3b34ba3efd5f42/tokenizer_config.json "HTTP/1.1 200 OK"
2026-06-22 09:31:35,962 - INFO - HTTP Request: GET https://huggingface.co/api/models/sentence-transformers/paraphrase-multilingual-MiniLM-L12-v2/tree/main/additional_chat_templates?recursive=false&expand=false "HTTP/1.1 404 Not Found"
2026-06-22 09:31:36,094 - INFO - HTTP Request: GET https://huggingface.co/api/models/sentence-transformers/paraphrase-multilingual-MiniLM-L12-v2/tree/main?recursive=true&expand=false "HTTP/1.1 200 OK"
2026-06-22 09:31:37,687 - INFO - HTTP Request: GET https://huggingface.co/api/models/sentence-transformers/paraphrase-multilingual-MiniLM-L12-v2 "HTTP/1.1 200 OK"
2026-06-22 09:31:38,027 - INFO - HTTP Request: HEAD https://huggingface.co/sentence-transformers/paraphrase-multilingual-MiniLM-L12-v2/resolve/main/1_Pooling/config.json "HTTP/1.1 307 Temporary Redirect"
2026-06-22 09:31:38,041 - INFO - HTTP Request: HEAD https://huggingface.co/api/resolve-cache/models/sentence-transformers/paraphrase-multilingual-MiniLM-L12-v2/e8f8c211226b894fcb81acc59f3b34ba3efd5f42/1_Pooling%2Fconfig.json "HTTP/1.1 200 OK"
2026-06-22 09:31:38,189 - INFO - HTTP Request: GET https://huggingface.co/api/models/sentence-transformers/paraphrase-multilingual-MiniLM-L12-v2 "HTTP/1.1 200 OK"
2026-06-22 09:31:38,326 - INFO - Loading HookedSAETransformer from ./checkpoints/ft_raca_v2/merged...
2026-06-22 09:31:38,455 - INFO - HTTP Request: HEAD https://huggingface.co/meta-llama/Llama-3.1-8B-Instruct/resolve/main/config.json "HTTP/1.1 200 OK"
2026-06-22 09:31:38,599 - INFO - HTTP Request: HEAD https://huggingface.co/meta-llama/Llama-3.1-8B-Instruct/resolve/main/config.json "HTTP/1.1 200 OK"
2026-06-22 09:31:41,245 - INFO - HTTP Request: HEAD https://huggingface.co/meta-llama/Llama-3.1-8B-Instruct/resolve/main/generation_config.json "HTTP/1.1 200 OK"
2026-06-22 09:31:41,853 - INFO - HTTP Request: HEAD https://huggingface.co/meta-llama/Llama-3.1-8B-Instruct/resolve/main/config.json "HTTP/1.1 200 OK"
2026-06-22 09:31:41,986 - INFO - HTTP Request: HEAD https://huggingface.co/meta-llama/Llama-3.1-8B-Instruct/resolve/main/tokenizer_config.json "HTTP/1.1 200 OK"
2026-06-22 09:31:42,125 - INFO - HTTP Request: GET https://huggingface.co/api/models/meta-llama/Llama-3.1-8B-Instruct/tree/main/additional_chat_templates?recursive=false&expand=false "HTTP/1.1 404 Not Found"
2026-06-22 09:31:42,264 - INFO - HTTP Request: GET https://huggingface.co/api/models/meta-llama/Llama-3.1-8B-Instruct/tree/main?recursive=true&expand=false "HTTP/1.1 200 OK"
2026-06-22 09:31:43,693 - INFO - HTTP Request: GET https://huggingface.co/api/models/meta-llama/Llama-3.1-8B-Instruct "HTTP/1.1 200 OK"
2026-06-22 09:32:37,683 - INFO - Loading SAE...
2026-06-22 09:32:41,582 - INFO - HTTP Request: HEAD https://huggingface.co/Goodfire/Llama-3.1-8B-Instruct-SAE-l19/resolve/main/Llama-3.1-8B-Instruct-SAE-l19.pth "HTTP/1.1 302 Found"
2026-06-22 09:32:43,421 - INFO - Loading feature labels from Neuronpedia...
2026-06-22 09:32:43,421 - INFO - Loading labels from cache...
2026-06-22 09:32:43,421 - INFO - Loaded 0 feature labels
2026-06-22 09:32:43,421 - INFO - SAFE Pipeline ready.
2026-06-22 09:32:43,422 - INFO - Processing: ما هو القانون رقم (15) لسنة 2014 الذي أشار إليه التعميم؟
2026-06-22 09:32:53,575 - INFO - Initial entropy: 1.332
2026-06-22 09:32:53,576 - INFO - Enrichment loop 1
2026-06-22 09:34:45,832 - INFO - No device provided, using cuda:0
2026-06-22 09:34:46,009 - INFO - HTTP Request: HEAD https://huggingface.co/sentence-transformers/paraphrase-multilingual-MiniLM-L12-v2/resolve/main/modules.json "HTTP/1.1 307 Temporary Redirect"
2026-06-22 09:34:46,021 - INFO - HTTP Request: HEAD https://huggingface.co/api/resolve-cache/models/sentence-transformers/paraphrase-multilingual-MiniLM-L12-v2/e8f8c211226b894fcb81acc59f3b34ba3efd5f42/modules.json "HTTP/1.1 200 OK"
2026-06-22 09:34:46,153 - INFO - HTTP Request: HEAD https://huggingface.co/sentence-transformers/paraphrase-multilingual-MiniLM-L12-v2/resolve/main/config_sentence_transformers.json "HTTP/1.1 307 Temporary Redirect"
2026-06-22 09:34:46,165 - INFO - HTTP Request: HEAD https://huggingface.co/api/resolve-cache/models/sentence-transformers/paraphrase-multilingual-MiniLM-L12-v2/e8f8c211226b894fcb81acc59f3b34ba3efd5f42/config_sentence_transformers.json "HTTP/1.1 200 OK"
2026-06-22 09:34:46,166 - INFO - Loading SentenceTransformer model from sentence-transformers/paraphrase-multilingual-MiniLM-L12-v2.
2026-06-22 09:34:46,293 - INFO - HTTP Request: HEAD https://huggingface.co/sentence-transformers/paraphrase-multilingual-MiniLM-L12-v2/resolve/main/config_sentence_transformers.json "HTTP/1.1 307 Temporary Redirect"
2026-06-22 09:34:46,306 - INFO - HTTP Request: HEAD https://huggingface.co/api/resolve-cache/models/sentence-transformers/paraphrase-multilingual-MiniLM-L12-v2/e8f8c211226b894fcb81acc59f3b34ba3efd5f42/config_sentence_transformers.json "HTTP/1.1 200 OK"
2026-06-22 09:34:46,442 - INFO - HTTP Request: HEAD https://huggingface.co/sentence-transformers/paraphrase-multilingual-MiniLM-L12-v2/resolve/main/README.md "HTTP/1.1 307 Temporary Redirect"
2026-06-22 09:34:46,455 - INFO - HTTP Request: HEAD https://huggingface.co/api/resolve-cache/models/sentence-transformers/paraphrase-multilingual-MiniLM-L12-v2/e8f8c211226b894fcb81acc59f3b34ba3efd5f42/README.md "HTTP/1.1 200 OK"
2026-06-22 09:34:46,654 - INFO - HTTP Request: HEAD https://huggingface.co/sentence-transformers/paraphrase-multilingual-MiniLM-L12-v2/resolve/main/modules.json "HTTP/1.1 307 Temporary Redirect"
2026-06-22 09:34:46,667 - INFO - HTTP Request: HEAD https://huggingface.co/api/resolve-cache/models/sentence-transformers/paraphrase-multilingual-MiniLM-L12-v2/e8f8c211226b894fcb81acc59f3b34ba3efd5f42/modules.json "HTTP/1.1 200 OK"
2026-06-22 09:34:46,794 - INFO - HTTP Request: HEAD https://huggingface.co/sentence-transformers/paraphrase-multilingual-MiniLM-L12-v2/resolve/main/sentence_bert_config.json "HTTP/1.1 307 Temporary Redirect"
2026-06-22 09:34:46,806 - INFO - HTTP Request: HEAD https://huggingface.co/api/resolve-cache/models/sentence-transformers/paraphrase-multilingual-MiniLM-L12-v2/e8f8c211226b894fcb81acc59f3b34ba3efd5f42/sentence_bert_config.json "HTTP/1.1 200 OK"
2026-06-22 09:34:46,935 - INFO - HTTP Request: HEAD https://huggingface.co/sentence-transformers/paraphrase-multilingual-MiniLM-L12-v2/resolve/main/adapter_config.json "HTTP/1.1 404 Not Found"
2026-06-22 09:34:47,060 - INFO - HTTP Request: HEAD https://huggingface.co/sentence-transformers/paraphrase-multilingual-MiniLM-L12-v2/resolve/main/config.json "HTTP/1.1 307 Temporary Redirect"
2026-06-22 09:34:47,072 - INFO - HTTP Request: HEAD https://huggingface.co/api/resolve-cache/models/sentence-transformers/paraphrase-multilingual-MiniLM-L12-v2/e8f8c211226b894fcb81acc59f3b34ba3efd5f42/config.json "HTTP/1.1 200 OK"
2026-06-22 09:34:47,200 - INFO - HTTP Request: HEAD https://huggingface.co/sentence-transformers/paraphrase-multilingual-MiniLM-L12-v2/resolve/main/config.json "HTTP/1.1 307 Temporary Redirect"
2026-06-22 09:34:47,212 - INFO - HTTP Request: HEAD https://huggingface.co/api/resolve-cache/models/sentence-transformers/paraphrase-multilingual-MiniLM-L12-v2/e8f8c211226b894fcb81acc59f3b34ba3efd5f42/config.json "HTTP/1.1 200 OK"
2026-06-22 09:34:47,802 - INFO - HTTP Request: HEAD https://huggingface.co/sentence-transformers/paraphrase-multilingual-MiniLM-L12-v2/resolve/main/processor_config.json "HTTP/1.1 404 Not Found"
2026-06-22 09:34:47,927 - INFO - HTTP Request: HEAD https://huggingface.co/sentence-transformers/paraphrase-multilingual-MiniLM-L12-v2/resolve/main/preprocessor_config.json "HTTP/1.1 404 Not Found"
2026-06-22 09:34:48,127 - INFO - HTTP Request: HEAD https://huggingface.co/sentence-transformers/paraphrase-multilingual-MiniLM-L12-v2/resolve/main/video_preprocessor_config.json "HTTP/1.1 404 Not Found"
2026-06-22 09:34:48,255 - INFO - HTTP Request: HEAD https://huggingface.co/sentence-transformers/paraphrase-multilingual-MiniLM-L12-v2/resolve/main/preprocessor_config.json "HTTP/1.1 404 Not Found"
2026-06-22 09:34:48,380 - INFO - HTTP Request: HEAD https://huggingface.co/sentence-transformers/paraphrase-multilingual-MiniLM-L12-v2/resolve/main/tokenizer_config.json "HTTP/1.1 307 Temporary Redirect"
2026-06-22 09:34:48,393 - INFO - HTTP Request: HEAD https://huggingface.co/api/resolve-cache/models/sentence-transformers/paraphrase-multilingual-MiniLM-L12-v2/e8f8c211226b894fcb81acc59f3b34ba3efd5f42/tokenizer_config.json "HTTP/1.1 200 OK"
2026-06-22 09:34:48,522 - INFO - HTTP Request: HEAD https://huggingface.co/sentence-transformers/paraphrase-multilingual-MiniLM-L12-v2/resolve/main/config.json "HTTP/1.1 307 Temporary Redirect"
2026-06-22 09:34:48,535 - INFO - HTTP Request: HEAD https://huggingface.co/api/resolve-cache/models/sentence-transformers/paraphrase-multilingual-MiniLM-L12-v2/e8f8c211226b894fcb81acc59f3b34ba3efd5f42/config.json "HTTP/1.1 200 OK"
2026-06-22 09:34:48,664 - INFO - HTTP Request: HEAD https://huggingface.co/sentence-transformers/paraphrase-multilingual-MiniLM-L12-v2/resolve/main/config.json "HTTP/1.1 307 Temporary Redirect"
2026-06-22 09:34:48,678 - INFO - HTTP Request: HEAD https://huggingface.co/api/resolve-cache/models/sentence-transformers/paraphrase-multilingual-MiniLM-L12-v2/e8f8c211226b894fcb81acc59f3b34ba3efd5f42/config.json "HTTP/1.1 200 OK"
2026-06-22 09:34:48,806 - INFO - HTTP Request: HEAD https://huggingface.co/sentence-transformers/paraphrase-multilingual-MiniLM-L12-v2/resolve/main/tokenizer_config.json "HTTP/1.1 307 Temporary Redirect"
2026-06-22 09:34:48,820 - INFO - HTTP Request: HEAD https://huggingface.co/api/resolve-cache/models/sentence-transformers/paraphrase-multilingual-MiniLM-L12-v2/e8f8c211226b894fcb81acc59f3b34ba3efd5f42/tokenizer_config.json "HTTP/1.1 200 OK"
2026-06-22 09:34:48,946 - INFO - HTTP Request: HEAD https://huggingface.co/sentence-transformers/paraphrase-multilingual-MiniLM-L12-v2/resolve/main/tokenizer_config.json "HTTP/1.1 307 Temporary Redirect"
2026-06-22 09:34:48,959 - INFO - HTTP Request: HEAD https://huggingface.co/api/resolve-cache/models/sentence-transformers/paraphrase-multilingual-MiniLM-L12-v2/e8f8c211226b894fcb81acc59f3b34ba3efd5f42/tokenizer_config.json "HTTP/1.1 200 OK"
2026-06-22 09:34:49,086 - INFO - HTTP Request: GET https://huggingface.co/api/models/sentence-transformers/paraphrase-multilingual-MiniLM-L12-v2/tree/main/additional_chat_templates?recursive=false&expand=false "HTTP/1.1 404 Not Found"
2026-06-22 09:34:49,217 - INFO - HTTP Request: GET https://huggingface.co/api/models/sentence-transformers/paraphrase-multilingual-MiniLM-L12-v2/tree/main?recursive=true&expand=false "HTTP/1.1 200 OK"
2026-06-22 09:34:50,936 - INFO - HTTP Request: GET https://huggingface.co/api/models/sentence-transformers/paraphrase-multilingual-MiniLM-L12-v2 "HTTP/1.1 200 OK"
2026-06-22 09:34:51,258 - INFO - HTTP Request: HEAD https://huggingface.co/sentence-transformers/paraphrase-multilingual-MiniLM-L12-v2/resolve/main/1_Pooling/config.json "HTTP/1.1 307 Temporary Redirect"
2026-06-22 09:34:51,270 - INFO - HTTP Request: HEAD https://huggingface.co/api/resolve-cache/models/sentence-transformers/paraphrase-multilingual-MiniLM-L12-v2/e8f8c211226b894fcb81acc59f3b34ba3efd5f42/1_Pooling%2Fconfig.json "HTTP/1.1 200 OK"
2026-06-22 09:34:51,398 - INFO - HTTP Request: GET https://huggingface.co/api/models/sentence-transformers/paraphrase-multilingual-MiniLM-L12-v2 "HTTP/1.1 200 OK"
2026-06-22 09:34:51,655 - INFO - Initializing SAFE Pipeline...
2026-06-22 09:34:51,793 - INFO - HTTP Request: HEAD https://huggingface.co/sentence-transformers/paraphrase-multilingual-MiniLM-L12-v2/resolve/main/modules.json "HTTP/1.1 307 Temporary Redirect"
2026-06-22 09:34:51,805 - INFO - HTTP Request: HEAD https://huggingface.co/api/resolve-cache/models/sentence-transformers/paraphrase-multilingual-MiniLM-L12-v2/e8f8c211226b894fcb81acc59f3b34ba3efd5f42/modules.json "HTTP/1.1 200 OK"
2026-06-22 09:34:51,927 - INFO - HTTP Request: HEAD https://huggingface.co/sentence-transformers/paraphrase-multilingual-MiniLM-L12-v2/resolve/main/config_sentence_transformers.json "HTTP/1.1 307 Temporary Redirect"
2026-06-22 09:34:51,940 - INFO - HTTP Request: HEAD https://huggingface.co/api/resolve-cache/models/sentence-transformers/paraphrase-multilingual-MiniLM-L12-v2/e8f8c211226b894fcb81acc59f3b34ba3efd5f42/config_sentence_transformers.json "HTTP/1.1 200 OK"
2026-06-22 09:34:51,941 - INFO - Loading SentenceTransformer model from sentence-transformers/paraphrase-multilingual-MiniLM-L12-v2.
2026-06-22 09:34:52,063 - INFO - HTTP Request: HEAD https://huggingface.co/sentence-transformers/paraphrase-multilingual-MiniLM-L12-v2/resolve/main/config_sentence_transformers.json "HTTP/1.1 307 Temporary Redirect"
2026-06-22 09:34:52,076 - INFO - HTTP Request: HEAD https://huggingface.co/api/resolve-cache/models/sentence-transformers/paraphrase-multilingual-MiniLM-L12-v2/e8f8c211226b894fcb81acc59f3b34ba3efd5f42/config_sentence_transformers.json "HTTP/1.1 200 OK"
2026-06-22 09:34:52,202 - INFO - HTTP Request: HEAD https://huggingface.co/sentence-transformers/paraphrase-multilingual-MiniLM-L12-v2/resolve/main/README.md "HTTP/1.1 307 Temporary Redirect"
2026-06-22 09:34:52,215 - INFO - HTTP Request: HEAD https://huggingface.co/api/resolve-cache/models/sentence-transformers/paraphrase-multilingual-MiniLM-L12-v2/e8f8c211226b894fcb81acc59f3b34ba3efd5f42/README.md "HTTP/1.1 200 OK"
2026-06-22 09:34:52,339 - INFO - HTTP Request: HEAD https://huggingface.co/sentence-transformers/paraphrase-multilingual-MiniLM-L12-v2/resolve/main/modules.json "HTTP/1.1 307 Temporary Redirect"
2026-06-22 09:34:52,352 - INFO - HTTP Request: HEAD https://huggingface.co/api/resolve-cache/models/sentence-transformers/paraphrase-multilingual-MiniLM-L12-v2/e8f8c211226b894fcb81acc59f3b34ba3efd5f42/modules.json "HTTP/1.1 200 OK"
2026-06-22 09:34:52,487 - INFO - HTTP Request: HEAD https://huggingface.co/sentence-transformers/paraphrase-multilingual-MiniLM-L12-v2/resolve/main/sentence_bert_config.json "HTTP/1.1 307 Temporary Redirect"
2026-06-22 09:34:52,500 - INFO - HTTP Request: HEAD https://huggingface.co/api/resolve-cache/models/sentence-transformers/paraphrase-multilingual-MiniLM-L12-v2/e8f8c211226b894fcb81acc59f3b34ba3efd5f42/sentence_bert_config.json "HTTP/1.1 200 OK"
2026-06-22 09:34:52,630 - INFO - HTTP Request: HEAD https://huggingface.co/sentence-transformers/paraphrase-multilingual-MiniLM-L12-v2/resolve/main/adapter_config.json "HTTP/1.1 404 Not Found"
2026-06-22 09:34:52,761 - INFO - HTTP Request: HEAD https://huggingface.co/sentence-transformers/paraphrase-multilingual-MiniLM-L12-v2/resolve/main/config.json "HTTP/1.1 307 Temporary Redirect"
2026-06-22 09:34:52,773 - INFO - HTTP Request: HEAD https://huggingface.co/api/resolve-cache/models/sentence-transformers/paraphrase-multilingual-MiniLM-L12-v2/e8f8c211226b894fcb81acc59f3b34ba3efd5f42/config.json "HTTP/1.1 200 OK"
2026-06-22 09:34:52,901 - INFO - HTTP Request: HEAD https://huggingface.co/sentence-transformers/paraphrase-multilingual-MiniLM-L12-v2/resolve/main/config.json "HTTP/1.1 307 Temporary Redirect"
2026-06-22 09:34:52,912 - INFO - HTTP Request: HEAD https://huggingface.co/api/resolve-cache/models/sentence-transformers/paraphrase-multilingual-MiniLM-L12-v2/e8f8c211226b894fcb81acc59f3b34ba3efd5f42/config.json "HTTP/1.1 200 OK"
2026-06-22 09:34:53,150 - INFO - HTTP Request: HEAD https://huggingface.co/sentence-transformers/paraphrase-multilingual-MiniLM-L12-v2/resolve/main/processor_config.json "HTTP/1.1 404 Not Found"
2026-06-22 09:34:53,280 - INFO - HTTP Request: HEAD https://huggingface.co/sentence-transformers/paraphrase-multilingual-MiniLM-L12-v2/resolve/main/preprocessor_config.json "HTTP/1.1 404 Not Found"
2026-06-22 09:34:53,409 - INFO - HTTP Request: HEAD https://huggingface.co/sentence-transformers/paraphrase-multilingual-MiniLM-L12-v2/resolve/main/video_preprocessor_config.json "HTTP/1.1 404 Not Found"
2026-06-22 09:34:53,536 - INFO - HTTP Request: HEAD https://huggingface.co/sentence-transformers/paraphrase-multilingual-MiniLM-L12-v2/resolve/main/preprocessor_config.json "HTTP/1.1 404 Not Found"
2026-06-22 09:34:53,662 - INFO - HTTP Request: HEAD https://huggingface.co/sentence-transformers/paraphrase-multilingual-MiniLM-L12-v2/resolve/main/tokenizer_config.json "HTTP/1.1 307 Temporary Redirect"
2026-06-22 09:34:53,674 - INFO - HTTP Request: HEAD https://huggingface.co/api/resolve-cache/models/sentence-transformers/paraphrase-multilingual-MiniLM-L12-v2/e8f8c211226b894fcb81acc59f3b34ba3efd5f42/tokenizer_config.json "HTTP/1.1 200 OK"
2026-06-22 09:34:53,802 - INFO - HTTP Request: HEAD https://huggingface.co/sentence-transformers/paraphrase-multilingual-MiniLM-L12-v2/resolve/main/config.json "HTTP/1.1 307 Temporary Redirect"
2026-06-22 09:34:53,815 - INFO - HTTP Request: HEAD https://huggingface.co/api/resolve-cache/models/sentence-transformers/paraphrase-multilingual-MiniLM-L12-v2/e8f8c211226b894fcb81acc59f3b34ba3efd5f42/config.json "HTTP/1.1 200 OK"
2026-06-22 09:34:53,944 - INFO - HTTP Request: HEAD https://huggingface.co/sentence-transformers/paraphrase-multilingual-MiniLM-L12-v2/resolve/main/config.json "HTTP/1.1 307 Temporary Redirect"
2026-06-22 09:34:53,956 - INFO - HTTP Request: HEAD https://huggingface.co/api/resolve-cache/models/sentence-transformers/paraphrase-multilingual-MiniLM-L12-v2/e8f8c211226b894fcb81acc59f3b34ba3efd5f42/config.json "HTTP/1.1 200 OK"
2026-06-22 09:34:54,100 - INFO - HTTP Request: HEAD https://huggingface.co/sentence-transformers/paraphrase-multilingual-MiniLM-L12-v2/resolve/main/tokenizer_config.json "HTTP/1.1 307 Temporary Redirect"
2026-06-22 09:34:54,113 - INFO - HTTP Request: HEAD https://huggingface.co/api/resolve-cache/models/sentence-transformers/paraphrase-multilingual-MiniLM-L12-v2/e8f8c211226b894fcb81acc59f3b34ba3efd5f42/tokenizer_config.json "HTTP/1.1 200 OK"
2026-06-22 09:34:54,238 - INFO - HTTP Request: HEAD https://huggingface.co/sentence-transformers/paraphrase-multilingual-MiniLM-L12-v2/resolve/main/tokenizer_config.json "HTTP/1.1 307 Temporary Redirect"
2026-06-22 09:34:54,250 - INFO - HTTP Request: HEAD https://huggingface.co/api/resolve-cache/models/sentence-transformers/paraphrase-multilingual-MiniLM-L12-v2/e8f8c211226b894fcb81acc59f3b34ba3efd5f42/tokenizer_config.json "HTTP/1.1 200 OK"
2026-06-22 09:34:54,382 - INFO - HTTP Request: GET https://huggingface.co/api/models/sentence-transformers/paraphrase-multilingual-MiniLM-L12-v2/tree/main/additional_chat_templates?recursive=false&expand=false "HTTP/1.1 404 Not Found"
2026-06-22 09:34:54,518 - INFO - HTTP Request: GET https://huggingface.co/api/models/sentence-transformers/paraphrase-multilingual-MiniLM-L12-v2/tree/main?recursive=true&expand=false "HTTP/1.1 200 OK"
2026-06-22 09:34:56,155 - INFO - HTTP Request: GET https://huggingface.co/api/models/sentence-transformers/paraphrase-multilingual-MiniLM-L12-v2 "HTTP/1.1 200 OK"
2026-06-22 09:34:56,496 - INFO - HTTP Request: HEAD https://huggingface.co/sentence-transformers/paraphrase-multilingual-MiniLM-L12-v2/resolve/main/1_Pooling/config.json "HTTP/1.1 307 Temporary Redirect"
2026-06-22 09:34:56,509 - INFO - HTTP Request: HEAD https://huggingface.co/api/resolve-cache/models/sentence-transformers/paraphrase-multilingual-MiniLM-L12-v2/e8f8c211226b894fcb81acc59f3b34ba3efd5f42/1_Pooling%2Fconfig.json "HTTP/1.1 200 OK"
2026-06-22 09:34:56,635 - INFO - HTTP Request: GET https://huggingface.co/api/models/sentence-transformers/paraphrase-multilingual-MiniLM-L12-v2 "HTTP/1.1 200 OK"
2026-06-22 09:34:56,747 - INFO - Loading HookedSAETransformer from ./checkpoints/ft_raca_v2/merged...
2026-06-22 09:34:56,871 - INFO - HTTP Request: HEAD https://huggingface.co/meta-llama/Llama-3.1-8B-Instruct/resolve/main/config.json "HTTP/1.1 200 OK"
2026-06-22 09:34:57,006 - INFO - HTTP Request: HEAD https://huggingface.co/meta-llama/Llama-3.1-8B-Instruct/resolve/main/config.json "HTTP/1.1 200 OK"
2026-06-22 09:34:59,617 - INFO - HTTP Request: HEAD https://huggingface.co/meta-llama/Llama-3.1-8B-Instruct/resolve/main/generation_config.json "HTTP/1.1 200 OK"
2026-06-22 09:35:00,238 - INFO - HTTP Request: HEAD https://huggingface.co/meta-llama/Llama-3.1-8B-Instruct/resolve/main/config.json "HTTP/1.1 200 OK"
2026-06-22 09:35:00,367 - INFO - HTTP Request: HEAD https://huggingface.co/meta-llama/Llama-3.1-8B-Instruct/resolve/main/tokenizer_config.json "HTTP/1.1 200 OK"
2026-06-22 09:35:00,507 - INFO - HTTP Request: GET https://huggingface.co/api/models/meta-llama/Llama-3.1-8B-Instruct/tree/main/additional_chat_templates?recursive=false&expand=false "HTTP/1.1 404 Not Found"
2026-06-22 09:35:00,641 - INFO - HTTP Request: GET https://huggingface.co/api/models/meta-llama/Llama-3.1-8B-Instruct/tree/main?recursive=true&expand=false "HTTP/1.1 200 OK"
2026-06-22 09:35:02,128 - INFO - HTTP Request: GET https://huggingface.co/api/models/meta-llama/Llama-3.1-8B-Instruct "HTTP/1.1 200 OK"
2026-06-22 09:35:55,227 - INFO - Loading SAE...
2026-06-22 09:35:59,144 - INFO - HTTP Request: HEAD https://huggingface.co/Goodfire/Llama-3.1-8B-Instruct-SAE-l19/resolve/main/Llama-3.1-8B-Instruct-SAE-l19.pth "HTTP/1.1 302 Found"
2026-06-22 09:36:01,022 - INFO - Loading feature labels from Neuronpedia...
2026-06-22 09:36:01,023 - INFO - Loading labels from cache...
2026-06-22 09:36:01,023 - INFO - Loaded 0 feature labels
2026-06-22 09:36:01,023 - INFO - SAFE Pipeline ready.
2026-06-22 09:36:01,023 - INFO - Processing: ما هو القانون رقم (15) لسنة 2014 الذي أشار إليه التعميم؟
2026-06-22 09:36:15,355 - INFO - Initial entropy: 1.332
2026-06-22 09:36:15,355 - INFO - Enrichment loop 1
2026-06-22 09:36:29,181 - INFO - New entropy: 1.332
2026-06-22 09:36:29,182 - INFO - Enrichment loop 2
2026-06-22 09:36:44,395 - INFO - New entropy: 1.609
2026-06-22 09:36:44,396 - INFO - Enrichment loop 3
2026-06-22 09:36:58,110 - INFO - New entropy: 1.609
2026-06-22 09:36:59,108 - INFO - Processing: ما هو البند الذي تم استبدال الفقرة الثانية منه في المادة (6.2)؟
2026-06-22 09:37:09,803 - INFO - Initial entropy: 1.609
2026-06-22 09:37:09,803 - INFO - Enrichment loop 1
2026-06-22 09:37:23,435 - INFO - New entropy: 1.332
2026-06-22 09:37:23,435 - INFO - Enrichment loop 2
2026-06-22 09:37:30,670 - INFO - New entropy: 1.609
2026-06-22 09:37:30,670 - INFO - Enrichment loop 3
2026-06-22 09:37:40,568 - INFO - New entropy: 1.609
2026-06-22 09:37:42,107 - INFO - Processing: ما هي المعايير المعترف بها عالميًا لمكافحة غسل الأموال وتمويل الإرهاب؟
2026-06-22 09:38:13,645 - INFO - Initial entropy: 1.609
2026-06-22 09:38:13,646 - INFO - Enrichment loop 1
2026-06-22 09:39:10,945 - INFO - No device provided, using cuda:0
2026-06-22 09:39:11,158 - INFO - HTTP Request: HEAD https://huggingface.co/sentence-transformers/paraphrase-multilingual-MiniLM-L12-v2/resolve/main/modules.json "HTTP/1.1 307 Temporary Redirect"
2026-06-22 09:39:11,180 - INFO - HTTP Request: HEAD https://huggingface.co/api/resolve-cache/models/sentence-transformers/paraphrase-multilingual-MiniLM-L12-v2/e8f8c211226b894fcb81acc59f3b34ba3efd5f42/modules.json "HTTP/1.1 200 OK"
2026-06-22 09:39:11,684 - INFO - HTTP Request: HEAD https://huggingface.co/sentence-transformers/paraphrase-multilingual-MiniLM-L12-v2/resolve/main/config_sentence_transformers.json "HTTP/1.1 307 Temporary Redirect"
2026-06-22 09:39:11,705 - INFO - HTTP Request: HEAD https://huggingface.co/api/resolve-cache/models/sentence-transformers/paraphrase-multilingual-MiniLM-L12-v2/e8f8c211226b894fcb81acc59f3b34ba3efd5f42/config_sentence_transformers.json "HTTP/1.1 200 OK"
2026-06-22 09:39:11,706 - INFO - Loading SentenceTransformer model from sentence-transformers/paraphrase-multilingual-MiniLM-L12-v2.
2026-06-22 09:39:11,844 - INFO - HTTP Request: HEAD https://huggingface.co/sentence-transformers/paraphrase-multilingual-MiniLM-L12-v2/resolve/main/config_sentence_transformers.json "HTTP/1.1 307 Temporary Redirect"
2026-06-22 09:39:11,866 - INFO - HTTP Request: HEAD https://huggingface.co/api/resolve-cache/models/sentence-transformers/paraphrase-multilingual-MiniLM-L12-v2/e8f8c211226b894fcb81acc59f3b34ba3efd5f42/config_sentence_transformers.json "HTTP/1.1 200 OK"
2026-06-22 09:39:12,001 - INFO - HTTP Request: HEAD https://huggingface.co/sentence-transformers/paraphrase-multilingual-MiniLM-L12-v2/resolve/main/README.md "HTTP/1.1 307 Temporary Redirect"
2026-06-22 09:39:12,256 - INFO - HTTP Request: HEAD https://huggingface.co/api/resolve-cache/models/sentence-transformers/paraphrase-multilingual-MiniLM-L12-v2/e8f8c211226b894fcb81acc59f3b34ba3efd5f42/README.md "HTTP/1.1 200 OK"
2026-06-22 09:39:12,403 - INFO - HTTP Request: HEAD https://huggingface.co/sentence-transformers/paraphrase-multilingual-MiniLM-L12-v2/resolve/main/modules.json "HTTP/1.1 307 Temporary Redirect"
2026-06-22 09:39:12,425 - INFO - HTTP Request: HEAD https://huggingface.co/api/resolve-cache/models/sentence-transformers/paraphrase-multilingual-MiniLM-L12-v2/e8f8c211226b894fcb81acc59f3b34ba3efd5f42/modules.json "HTTP/1.1 200 OK"
2026-06-22 09:39:12,616 - INFO - HTTP Request: HEAD https://huggingface.co/sentence-transformers/paraphrase-multilingual-MiniLM-L12-v2/resolve/main/sentence_bert_config.json "HTTP/1.1 307 Temporary Redirect"
2026-06-22 09:39:12,638 - INFO - HTTP Request: HEAD https://huggingface.co/api/resolve-cache/models/sentence-transformers/paraphrase-multilingual-MiniLM-L12-v2/e8f8c211226b894fcb81acc59f3b34ba3efd5f42/sentence_bert_config.json "HTTP/1.1 200 OK"
2026-06-22 09:39:13,016 - INFO - HTTP Request: HEAD https://huggingface.co/sentence-transformers/paraphrase-multilingual-MiniLM-L12-v2/resolve/main/adapter_config.json "HTTP/1.1 404 Not Found"
2026-06-22 09:39:13,149 - INFO - HTTP Request: HEAD https://huggingface.co/sentence-transformers/paraphrase-multilingual-MiniLM-L12-v2/resolve/main/config.json "HTTP/1.1 307 Temporary Redirect"
2026-06-22 09:39:13,406 - INFO - HTTP Request: HEAD https://huggingface.co/api/resolve-cache/models/sentence-transformers/paraphrase-multilingual-MiniLM-L12-v2/e8f8c211226b894fcb81acc59f3b34ba3efd5f42/config.json "HTTP/1.1 200 OK"
2026-06-22 09:39:13,546 - INFO - HTTP Request: HEAD https://huggingface.co/sentence-transformers/paraphrase-multilingual-MiniLM-L12-v2/resolve/main/config.json "HTTP/1.1 307 Temporary Redirect"
2026-06-22 09:39:13,568 - INFO - HTTP Request: HEAD https://huggingface.co/api/resolve-cache/models/sentence-transformers/paraphrase-multilingual-MiniLM-L12-v2/e8f8c211226b894fcb81acc59f3b34ba3efd5f42/config.json "HTTP/1.1 200 OK"
2026-06-22 09:39:14,176 - INFO - HTTP Request: HEAD https://huggingface.co/sentence-transformers/paraphrase-multilingual-MiniLM-L12-v2/resolve/main/processor_config.json "HTTP/1.1 404 Not Found"
2026-06-22 09:39:14,310 - INFO - HTTP Request: HEAD https://huggingface.co/sentence-transformers/paraphrase-multilingual-MiniLM-L12-v2/resolve/main/preprocessor_config.json "HTTP/1.1 404 Not Found"
2026-06-22 09:39:14,444 - INFO - HTTP Request: HEAD https://huggingface.co/sentence-transformers/paraphrase-multilingual-MiniLM-L12-v2/resolve/main/video_preprocessor_config.json "HTTP/1.1 404 Not Found"
2026-06-22 09:39:14,582 - INFO - HTTP Request: HEAD https://huggingface.co/sentence-transformers/paraphrase-multilingual-MiniLM-L12-v2/resolve/main/preprocessor_config.json "HTTP/1.1 404 Not Found"
2026-06-22 09:39:14,713 - INFO - HTTP Request: HEAD https://huggingface.co/sentence-transformers/paraphrase-multilingual-MiniLM-L12-v2/resolve/main/tokenizer_config.json "HTTP/1.1 307 Temporary Redirect"
2026-06-22 09:39:14,734 - INFO - HTTP Request: HEAD https://huggingface.co/api/resolve-cache/models/sentence-transformers/paraphrase-multilingual-MiniLM-L12-v2/e8f8c211226b894fcb81acc59f3b34ba3efd5f42/tokenizer_config.json "HTTP/1.1 200 OK"
2026-06-22 09:39:14,872 - INFO - HTTP Request: HEAD https://huggingface.co/sentence-transformers/paraphrase-multilingual-MiniLM-L12-v2/resolve/main/config.json "HTTP/1.1 307 Temporary Redirect"
2026-06-22 09:39:14,894 - INFO - HTTP Request: HEAD https://huggingface.co/api/resolve-cache/models/sentence-transformers/paraphrase-multilingual-MiniLM-L12-v2/e8f8c211226b894fcb81acc59f3b34ba3efd5f42/config.json "HTTP/1.1 200 OK"
2026-06-22 09:39:15,030 - INFO - HTTP Request: HEAD https://huggingface.co/sentence-transformers/paraphrase-multilingual-MiniLM-L12-v2/resolve/main/config.json "HTTP/1.1 307 Temporary Redirect"
2026-06-22 09:39:15,052 - INFO - HTTP Request: HEAD https://huggingface.co/api/resolve-cache/models/sentence-transformers/paraphrase-multilingual-MiniLM-L12-v2/e8f8c211226b894fcb81acc59f3b34ba3efd5f42/config.json "HTTP/1.1 200 OK"
2026-06-22 09:39:15,189 - INFO - HTTP Request: HEAD https://huggingface.co/sentence-transformers/paraphrase-multilingual-MiniLM-L12-v2/resolve/main/tokenizer_config.json "HTTP/1.1 307 Temporary Redirect"
2026-06-22 09:39:15,212 - INFO - HTTP Request: HEAD https://huggingface.co/api/resolve-cache/models/sentence-transformers/paraphrase-multilingual-MiniLM-L12-v2/e8f8c211226b894fcb81acc59f3b34ba3efd5f42/tokenizer_config.json "HTTP/1.1 200 OK"
2026-06-22 09:39:15,349 - INFO - HTTP Request: HEAD https://huggingface.co/sentence-transformers/paraphrase-multilingual-MiniLM-L12-v2/resolve/main/tokenizer_config.json "HTTP/1.1 307 Temporary Redirect"
2026-06-22 09:39:15,370 - INFO - HTTP Request: HEAD https://huggingface.co/api/resolve-cache/models/sentence-transformers/paraphrase-multilingual-MiniLM-L12-v2/e8f8c211226b894fcb81acc59f3b34ba3efd5f42/tokenizer_config.json "HTTP/1.1 200 OK"
2026-06-22 09:39:15,541 - INFO - HTTP Request: GET https://huggingface.co/api/models/sentence-transformers/paraphrase-multilingual-MiniLM-L12-v2/tree/main/additional_chat_templates?recursive=false&expand=false "HTTP/1.1 404 Not Found"
2026-06-22 09:39:15,667 - INFO - HTTP Request: GET https://huggingface.co/api/models/sentence-transformers/paraphrase-multilingual-MiniLM-L12-v2/tree/main?recursive=true&expand=false "HTTP/1.1 200 OK"
2026-06-22 09:39:17,362 - INFO - HTTP Request: GET https://huggingface.co/api/models/sentence-transformers/paraphrase-multilingual-MiniLM-L12-v2 "HTTP/1.1 200 OK"
2026-06-22 09:39:17,686 - INFO - HTTP Request: HEAD https://huggingface.co/sentence-transformers/paraphrase-multilingual-MiniLM-L12-v2/resolve/main/1_Pooling/config.json "HTTP/1.1 307 Temporary Redirect"
2026-06-22 09:39:17,702 - INFO - HTTP Request: HEAD https://huggingface.co/api/resolve-cache/models/sentence-transformers/paraphrase-multilingual-MiniLM-L12-v2/e8f8c211226b894fcb81acc59f3b34ba3efd5f42/1_Pooling%2Fconfig.json "HTTP/1.1 200 OK"
2026-06-22 09:39:17,835 - INFO - HTTP Request: GET https://huggingface.co/api/models/sentence-transformers/paraphrase-multilingual-MiniLM-L12-v2 "HTTP/1.1 200 OK"
2026-06-22 09:39:18,100 - INFO - Initializing SAFE Pipeline...
2026-06-22 09:39:18,235 - INFO - HTTP Request: HEAD https://huggingface.co/sentence-transformers/paraphrase-multilingual-MiniLM-L12-v2/resolve/main/modules.json "HTTP/1.1 307 Temporary Redirect"
2026-06-22 09:39:18,252 - INFO - HTTP Request: HEAD https://huggingface.co/api/resolve-cache/models/sentence-transformers/paraphrase-multilingual-MiniLM-L12-v2/e8f8c211226b894fcb81acc59f3b34ba3efd5f42/modules.json "HTTP/1.1 200 OK"
2026-06-22 09:39:18,377 - INFO - HTTP Request: HEAD https://huggingface.co/sentence-transformers/paraphrase-multilingual-MiniLM-L12-v2/resolve/main/config_sentence_transformers.json "HTTP/1.1 307 Temporary Redirect"
2026-06-22 09:39:18,391 - INFO - HTTP Request: HEAD https://huggingface.co/api/resolve-cache/models/sentence-transformers/paraphrase-multilingual-MiniLM-L12-v2/e8f8c211226b894fcb81acc59f3b34ba3efd5f42/config_sentence_transformers.json "HTTP/1.1 200 OK"
2026-06-22 09:39:18,392 - INFO - Loading SentenceTransformer model from sentence-transformers/paraphrase-multilingual-MiniLM-L12-v2.
2026-06-22 09:39:18,523 - INFO - HTTP Request: HEAD https://huggingface.co/sentence-transformers/paraphrase-multilingual-MiniLM-L12-v2/resolve/main/config_sentence_transformers.json "HTTP/1.1 307 Temporary Redirect"
2026-06-22 09:39:18,541 - INFO - HTTP Request: HEAD https://huggingface.co/api/resolve-cache/models/sentence-transformers/paraphrase-multilingual-MiniLM-L12-v2/e8f8c211226b894fcb81acc59f3b34ba3efd5f42/config_sentence_transformers.json "HTTP/1.1 200 OK"
2026-06-22 09:39:18,670 - INFO - HTTP Request: HEAD https://huggingface.co/sentence-transformers/paraphrase-multilingual-MiniLM-L12-v2/resolve/main/README.md "HTTP/1.1 307 Temporary Redirect"
2026-06-22 09:39:18,687 - INFO - HTTP Request: HEAD https://huggingface.co/api/resolve-cache/models/sentence-transformers/paraphrase-multilingual-MiniLM-L12-v2/e8f8c211226b894fcb81acc59f3b34ba3efd5f42/README.md "HTTP/1.1 200 OK"
2026-06-22 09:39:18,819 - INFO - HTTP Request: HEAD https://huggingface.co/sentence-transformers/paraphrase-multilingual-MiniLM-L12-v2/resolve/main/modules.json "HTTP/1.1 307 Temporary Redirect"
2026-06-22 09:39:18,836 - INFO - HTTP Request: HEAD https://huggingface.co/api/resolve-cache/models/sentence-transformers/paraphrase-multilingual-MiniLM-L12-v2/e8f8c211226b894fcb81acc59f3b34ba3efd5f42/modules.json "HTTP/1.1 200 OK"
2026-06-22 09:39:18,969 - INFO - HTTP Request: HEAD https://huggingface.co/sentence-transformers/paraphrase-multilingual-MiniLM-L12-v2/resolve/main/sentence_bert_config.json "HTTP/1.1 307 Temporary Redirect"
2026-06-22 09:39:18,987 - INFO - HTTP Request: HEAD https://huggingface.co/api/resolve-cache/models/sentence-transformers/paraphrase-multilingual-MiniLM-L12-v2/e8f8c211226b894fcb81acc59f3b34ba3efd5f42/sentence_bert_config.json "HTTP/1.1 200 OK"
2026-06-22 09:39:19,115 - INFO - HTTP Request: HEAD https://huggingface.co/sentence-transformers/paraphrase-multilingual-MiniLM-L12-v2/resolve/main/adapter_config.json "HTTP/1.1 404 Not Found"
2026-06-22 09:39:19,245 - INFO - HTTP Request: HEAD https://huggingface.co/sentence-transformers/paraphrase-multilingual-MiniLM-L12-v2/resolve/main/config.json "HTTP/1.1 307 Temporary Redirect"
2026-06-22 09:39:19,262 - INFO - HTTP Request: HEAD https://huggingface.co/api/resolve-cache/models/sentence-transformers/paraphrase-multilingual-MiniLM-L12-v2/e8f8c211226b894fcb81acc59f3b34ba3efd5f42/config.json "HTTP/1.1 200 OK"
2026-06-22 09:39:19,395 - INFO - HTTP Request: HEAD https://huggingface.co/sentence-transformers/paraphrase-multilingual-MiniLM-L12-v2/resolve/main/config.json "HTTP/1.1 307 Temporary Redirect"
2026-06-22 09:39:19,412 - INFO - HTTP Request: HEAD https://huggingface.co/api/resolve-cache/models/sentence-transformers/paraphrase-multilingual-MiniLM-L12-v2/e8f8c211226b894fcb81acc59f3b34ba3efd5f42/config.json "HTTP/1.1 200 OK"
2026-06-22 09:39:19,858 - INFO - HTTP Request: HEAD https://huggingface.co/sentence-transformers/paraphrase-multilingual-MiniLM-L12-v2/resolve/main/processor_config.json "HTTP/1.1 404 Not Found"
2026-06-22 09:39:19,989 - INFO - HTTP Request: HEAD https://huggingface.co/sentence-transformers/paraphrase-multilingual-MiniLM-L12-v2/resolve/main/preprocessor_config.json "HTTP/1.1 404 Not Found"
2026-06-22 09:39:20,120 - INFO - HTTP Request: HEAD https://huggingface.co/sentence-transformers/paraphrase-multilingual-MiniLM-L12-v2/resolve/main/video_preprocessor_config.json "HTTP/1.1 404 Not Found"
2026-06-22 09:39:20,250 - INFO - HTTP Request: HEAD https://huggingface.co/sentence-transformers/paraphrase-multilingual-MiniLM-L12-v2/resolve/main/preprocessor_config.json "HTTP/1.1 404 Not Found"
2026-06-22 09:39:20,386 - INFO - HTTP Request: HEAD https://huggingface.co/sentence-transformers/paraphrase-multilingual-MiniLM-L12-v2/resolve/main/tokenizer_config.json "HTTP/1.1 307 Temporary Redirect"
2026-06-22 09:39:20,403 - INFO - HTTP Request: HEAD https://huggingface.co/api/resolve-cache/models/sentence-transformers/paraphrase-multilingual-MiniLM-L12-v2/e8f8c211226b894fcb81acc59f3b34ba3efd5f42/tokenizer_config.json "HTTP/1.1 200 OK"
2026-06-22 09:39:20,529 - INFO - HTTP Request: HEAD https://huggingface.co/sentence-transformers/paraphrase-multilingual-MiniLM-L12-v2/resolve/main/config.json "HTTP/1.1 307 Temporary Redirect"
2026-06-22 09:39:20,545 - INFO - HTTP Request: HEAD https://huggingface.co/api/resolve-cache/models/sentence-transformers/paraphrase-multilingual-MiniLM-L12-v2/e8f8c211226b894fcb81acc59f3b34ba3efd5f42/config.json "HTTP/1.1 200 OK"
2026-06-22 09:39:20,680 - INFO - HTTP Request: HEAD https://huggingface.co/sentence-transformers/paraphrase-multilingual-MiniLM-L12-v2/resolve/main/config.json "HTTP/1.1 307 Temporary Redirect"
2026-06-22 09:39:20,696 - INFO - HTTP Request: HEAD https://huggingface.co/api/resolve-cache/models/sentence-transformers/paraphrase-multilingual-MiniLM-L12-v2/e8f8c211226b894fcb81acc59f3b34ba3efd5f42/config.json "HTTP/1.1 200 OK"
2026-06-22 09:39:20,826 - INFO - HTTP Request: HEAD https://huggingface.co/sentence-transformers/paraphrase-multilingual-MiniLM-L12-v2/resolve/main/tokenizer_config.json "HTTP/1.1 307 Temporary Redirect"
2026-06-22 09:39:20,842 - INFO - HTTP Request: HEAD https://huggingface.co/api/resolve-cache/models/sentence-transformers/paraphrase-multilingual-MiniLM-L12-v2/e8f8c211226b894fcb81acc59f3b34ba3efd5f42/tokenizer_config.json "HTTP/1.1 200 OK"
2026-06-22 09:39:20,974 - INFO - HTTP Request: HEAD https://huggingface.co/sentence-transformers/paraphrase-multilingual-MiniLM-L12-v2/resolve/main/tokenizer_config.json "HTTP/1.1 307 Temporary Redirect"
2026-06-22 09:39:21,211 - INFO - HTTP Request: HEAD https://huggingface.co/api/resolve-cache/models/sentence-transformers/paraphrase-multilingual-MiniLM-L12-v2/e8f8c211226b894fcb81acc59f3b34ba3efd5f42/tokenizer_config.json "HTTP/1.1 200 OK"
2026-06-22 09:39:21,592 - INFO - HTTP Request: GET https://huggingface.co/api/models/sentence-transformers/paraphrase-multilingual-MiniLM-L12-v2/tree/main/additional_chat_templates?recursive=false&expand=false "HTTP/1.1 404 Not Found"
2026-06-22 09:39:21,723 - INFO - HTTP Request: GET https://huggingface.co/api/models/sentence-transformers/paraphrase-multilingual-MiniLM-L12-v2/tree/main?recursive=true&expand=false "HTTP/1.1 200 OK"
2026-06-22 09:39:23,346 - INFO - HTTP Request: GET https://huggingface.co/api/models/sentence-transformers/paraphrase-multilingual-MiniLM-L12-v2 "HTTP/1.1 200 OK"
2026-06-22 09:39:23,692 - INFO - HTTP Request: HEAD https://huggingface.co/sentence-transformers/paraphrase-multilingual-MiniLM-L12-v2/resolve/main/1_Pooling/config.json "HTTP/1.1 307 Temporary Redirect"
2026-06-22 09:39:23,707 - INFO - HTTP Request: HEAD https://huggingface.co/api/resolve-cache/models/sentence-transformers/paraphrase-multilingual-MiniLM-L12-v2/e8f8c211226b894fcb81acc59f3b34ba3efd5f42/1_Pooling%2Fconfig.json "HTTP/1.1 200 OK"
2026-06-22 09:39:23,912 - INFO - HTTP Request: GET https://huggingface.co/api/models/sentence-transformers/paraphrase-multilingual-MiniLM-L12-v2 "HTTP/1.1 200 OK"
2026-06-22 09:39:24,044 - INFO - Loading HookedSAETransformer from ./checkpoints/ft_raca_v2/merged...
2026-06-22 09:39:24,173 - INFO - HTTP Request: HEAD https://huggingface.co/meta-llama/Llama-3.1-8B-Instruct/resolve/main/config.json "HTTP/1.1 200 OK"
2026-06-22 09:39:24,308 - INFO - HTTP Request: HEAD https://huggingface.co/meta-llama/Llama-3.1-8B-Instruct/resolve/main/config.json "HTTP/1.1 200 OK"
2026-06-22 09:39:26,937 - INFO - HTTP Request: HEAD https://huggingface.co/meta-llama/Llama-3.1-8B-Instruct/resolve/main/generation_config.json "HTTP/1.1 200 OK"
2026-06-22 09:39:27,542 - INFO - HTTP Request: HEAD https://huggingface.co/meta-llama/Llama-3.1-8B-Instruct/resolve/main/config.json "HTTP/1.1 200 OK"
2026-06-22 09:39:27,676 - INFO - HTTP Request: HEAD https://huggingface.co/meta-llama/Llama-3.1-8B-Instruct/resolve/main/tokenizer_config.json "HTTP/1.1 200 OK"
2026-06-22 09:39:27,814 - INFO - HTTP Request: GET https://huggingface.co/api/models/meta-llama/Llama-3.1-8B-Instruct/tree/main/additional_chat_templates?recursive=false&expand=false "HTTP/1.1 404 Not Found"
2026-06-22 09:39:27,948 - INFO - HTTP Request: GET https://huggingface.co/api/models/meta-llama/Llama-3.1-8B-Instruct/tree/main?recursive=true&expand=false "HTTP/1.1 200 OK"
2026-06-22 09:39:29,282 - INFO - HTTP Request: GET https://huggingface.co/api/models/meta-llama/Llama-3.1-8B-Instruct "HTTP/1.1 200 OK"
2026-06-22 09:40:22,979 - INFO - Loading SAE...
2026-06-22 09:40:26,867 - INFO - HTTP Request: HEAD https://huggingface.co/Goodfire/Llama-3.1-8B-Instruct-SAE-l19/resolve/main/Llama-3.1-8B-Instruct-SAE-l19.pth "HTTP/1.1 302 Found"
2026-06-22 09:40:28,693 - INFO - Loading feature labels from Neuronpedia...
2026-06-22 09:40:28,693 - INFO - Loading labels from cache...
2026-06-22 09:40:28,693 - INFO - Loaded 0 feature labels
2026-06-22 09:40:28,693 - INFO - SAFE Pipeline ready.
2026-06-22 09:40:28,693 - INFO - Processing: ما هو القانون رقم (15) لسنة 2014 الذي أشار إليه التعميم؟
2026-06-22 09:41:00,989 - INFO - Initial entropy: 1.609
2026-06-22 09:41:00,989 - INFO - Enrichment loop 1
2026-06-22 09:41:22,818 - INFO - New entropy: 1.609
2026-06-22 09:41:22,818 - INFO - Enrichment loop 2
2026-06-22 09:41:32,017 - INFO - New entropy: 1.332
2026-06-22 09:41:32,017 - INFO - Enrichment loop 3
2026-06-22 09:41:56,304 - INFO - New entropy: 1.332
2026-06-22 09:41:57,591 - INFO - Processing: ما هو البند الذي تم استبدال الفقرة الثانية منه في المادة (6.2)؟
2026-06-22 09:42:07,649 - INFO - Initial entropy: 1.609
2026-06-22 09:42:07,649 - INFO - Enrichment loop 1
2026-06-22 09:42:12,146 - INFO - New entropy: 1.609
2026-06-22 09:42:12,146 - INFO - Enrichment loop 2
2026-06-22 09:42:23,727 - INFO - New entropy: 1.609
2026-06-22 09:42:23,727 - INFO - Enrichment loop 3
2026-06-22 09:42:34,379 - INFO - New entropy: 1.332
2026-06-22 09:42:35,684 - INFO - Processing: ما هي المعايير المعترف بها عالميًا لمكافحة غسل الأموال وتمويل الإرهاب؟
2026-06-22 09:43:15,941 - INFO - Initial entropy: 1.609
2026-06-22 09:43:15,941 - INFO - Enrichment loop 1
2026-06-22 09:43:40,309 - INFO - New entropy: 1.332
2026-06-22 09:43:40,309 - INFO - Enrichment loop 2
2026-06-22 09:43:53,096 - INFO - New entropy: 1.609
2026-06-22 09:43:53,097 - INFO - Enrichment loop 3
2026-06-22 09:44:08,815 - INFO - New entropy: 1.609
2026-06-22 09:44:23,746 - INFO - Processing: ما هي الحالة الأمنية التي يجب مراعاتها عند تحويل الأموال؟
2026-06-22 09:44:43,603 - INFO - Initial entropy: 1.332
2026-06-22 09:44:43,603 - INFO - Enrichment loop 1
2026-06-22 09:44:59,549 - INFO - New entropy: 1.609
2026-06-22 09:44:59,550 - INFO - Enrichment loop 2
2026-06-22 09:45:18,254 - INFO - New entropy: 1.609
2026-06-22 09:45:18,254 - INFO - Enrichment loop 3
2026-06-22 09:45:31,327 - INFO - New entropy: 1.609
2026-06-22 09:45:36,402 - INFO - Processing: ما هو الهدف الخامس من هذه القواعد الإرشادية؟
2026-06-22 09:45:51,289 - INFO - Initial entropy: 1.609
2026-06-22 09:45:51,289 - INFO - Enrichment loop 1
2026-06-22 09:46:03,884 - INFO - New entropy: 1.332
2026-06-22 09:46:03,885 - INFO - Enrichment loop 2
2026-06-22 09:46:13,799 - INFO - New entropy: 1.609
2026-06-22 09:46:13,799 - INFO - Enrichment loop 3
2026-06-22 09:46:27,224 - INFO - New entropy: 1.609
2026-06-22 09:46:28,479 - INFO - Processing: ما هي إحدى الوظائف التي يقوم بها المكتب في التعامل مع القوائم الأممية؟
2026-06-22 09:46:40,124 - INFO - Initial entropy: 1.332
2026-06-22 09:46:40,124 - INFO - Enrichment loop 1
2026-06-22 09:46:54,363 - INFO - New entropy: 1.609
2026-06-22 09:46:54,363 - INFO - Enrichment loop 2
2026-06-22 09:47:02,009 - INFO - New entropy: 1.609
2026-06-22 09:47:02,009 - INFO - Enrichment loop 3
2026-06-22 09:47:16,069 - INFO - New entropy: 1.332
2026-06-22 09:47:17,336 - INFO - Processing: ما الواجبات المفروضة على المنظمات بشأن تقديم التقارير للهيئة؟
2026-06-22 09:47:38,758 - INFO - Initial entropy: 1.609
2026-06-22 09:47:38,758 - INFO - Enrichment loop 1
2026-06-22 09:48:15,638 - INFO - New entropy: 1.609
2026-06-22 09:48:15,638 - INFO - Enrichment loop 2
2026-06-22 09:48:32,978 - INFO - New entropy: 1.609
2026-06-22 09:48:32,978 - INFO - Enrichment loop 3
2026-06-22 09:48:47,020 - INFO - New entropy: 1.609
2026-06-22 09:48:48,519 - INFO - Processing: ما تعريف من التعريفات المذكورة في النص؟
2026-06-22 09:48:56,551 - INFO - Initial entropy: 1.609
2026-06-22 09:48:56,552 - INFO - Enrichment loop 1
2026-06-22 09:49:03,289 - INFO - New entropy: 1.332
2026-06-22 09:49:03,290 - INFO - Enrichment loop 2
2026-06-22 09:49:15,035 - INFO - New entropy: 1.609
2026-06-22 09:49:15,035 - INFO - Enrichment loop 3
2026-06-22 09:49:30,701 - INFO - New entropy: 1.609
2026-06-22 09:49:31,540 - INFO - Processing: كيف يمكن تعديل الميثاق؟
2026-06-22 09:50:06,855 - INFO - Initial entropy: 1.609
2026-06-22 09:50:06,855 - INFO - Enrichment loop 1
2026-06-22 09:50:23,213 - INFO - New entropy: 1.609
2026-06-22 09:50:23,213 - INFO - Enrichment loop 2
2026-06-22 09:50:39,759 - INFO - New entropy: 1.609
2026-06-22 09:50:39,759 - INFO - Enrichment loop 3
2026-06-22 09:51:04,685 - INFO - New entropy: 1.609
2026-06-22 09:51:06,793 - INFO - Processing: ما هي إحدى الوظائف التي يقوم بها المكتب في المشاركة في الاجتماعات والمؤتمرات؟
2026-06-22 09:51:14,621 - INFO - Initial entropy: 1.332
2026-06-22 09:51:14,621 - INFO - Enrichment loop 1
2026-06-22 09:51:32,443 - INFO - New entropy: 1.332
2026-06-22 09:51:32,443 - INFO - Enrichment loop 2
2026-06-22 09:51:44,712 - INFO - New entropy: 1.609
2026-06-22 09:51:44,712 - INFO - Enrichment loop 3
2026-06-22 09:51:59,886 - INFO - New entropy: 0.673
2026-06-22 09:52:02,959 - INFO - Processing: ما الإفصاحات الدورية المطلوبة من المنظمات؟
2026-06-22 09:52:27,463 - INFO - Initial entropy: 1.609
2026-06-22 09:52:27,463 - INFO - Enrichment loop 1
2026-06-22 09:52:53,963 - INFO - New entropy: 1.609
2026-06-22 09:52:53,964 - INFO - Enrichment loop 2
2026-06-22 09:53:19,938 - INFO - New entropy: 1.609
2026-06-22 09:53:19,939 - INFO - Enrichment loop 3
2026-06-22 09:53:34,517 - INFO - New entropy: 1.609
2026-06-22 09:53:45,736 - INFO - Processing: ما هي الإجراءات التي يجب اتباعها عند تحويل الأموال لبلد لا يوجد به جهاز مصرفي؟
2026-06-22 09:54:13,293 - INFO - Initial entropy: 1.609
2026-06-22 09:54:13,293 - INFO - Enrichment loop 1
2026-06-22 09:54:45,007 - INFO - New entropy: 1.609
2026-06-22 09:54:45,007 - INFO - Enrichment loop 2
2026-06-22 09:55:40,431 - INFO - New entropy: 1.609
2026-06-22 09:55:40,431 - INFO - Enrichment loop 3
2026-06-22 09:56:04,027 - INFO - New entropy: 1.609
2026-06-22 09:56:18,567 - INFO - Processing: ما飑 هي الإرشادات المحددة التي يجب الالتزام بها في تسيير الفروع الخارجية؟ 

(Note: There is a typo in the Chinese characters " WHAT" (what) in the middle of the sentence, which may be a mistake. The correct sentence should be: 

ما هي الإرشادات المحددة التي يجب الالتزام بها في تسيير الفروع الخارجية؟)
2026-06-22 09:56:57,940 - INFO - Initial entropy: -0.000
2026-06-22 09:56:57,940 - INFO - Entropy below threshold — no enrichment needed.
2026-06-22 09:57:12,292 - INFO - Processing: ما هي الآليات التي يتم تنظيمها في قرار النائب العام رقم (1) لسنة 2020؟
2026-06-22 09:57:36,076 - INFO - Initial entropy: 1.609
2026-06-22 09:57:36,076 - INFO - Enrichment loop 1
2026-06-22 09:57:49,687 - INFO - New entropy: 1.609
2026-06-22 09:57:49,687 - INFO - Enrichment loop 2
2026-06-22 09:58:26,870 - INFO - New entropy: 1.609
2026-06-22 09:58:26,871 - INFO - Enrichment loop 3
2026-06-22 09:58:56,824 - INFO - New entropy: 1.609
2026-06-22 09:58:58,270 - INFO - Processing: ما هو القانون الذي يصدر قانون مكافحة غسل الأموال وتمويل الإرهاب؟
2026-06-22 09:59:07,211 - INFO - Initial entropy: 0.950
2026-06-22 09:59:07,212 - INFO - Enrichment loop 1
2026-06-22 09:59:14,285 - INFO - New entropy: 1.332
2026-06-22 09:59:14,285 - INFO - Enrichment loop 2
2026-06-22 09:59:37,286 - INFO - New entropy: 0.500
2026-06-22 09:59:37,286 - INFO - Entropy below threshold — no enrichment needed.
2026-06-22 09:59:38,304 - INFO - Processing: ما هي الأنشطة المسموح بها للجمعيات الخيرية في النص؟
2026-06-22 10:00:20,798 - INFO - Initial entropy: 1.609
2026-06-22 10:00:20,798 - INFO - Enrichment loop 1
2026-06-22 10:00:47,703 - INFO - New entropy: 1.609
2026-06-22 10:00:47,703 - INFO - Enrichment loop 2
2026-06-22 10:01:03,439 - INFO - New entropy: 1.609
2026-06-22 10:01:03,440 - INFO - Enrichment loop 3
2026-06-22 10:01:21,260 - INFO - New entropy: 1.609
2026-06-22 10:01:26,468 - INFO - Processing: ما هي الوثائق التي يجب الاطلاع عليها عند تنظيم التحويلات المالية لخارج قطر؟
2026-06-22 10:02:00,284 - INFO - Initial entropy: 1.332
2026-06-22 10:02:00,284 - INFO - Enrichment loop 1
2026-06-22 10:02:18,239 - INFO - New entropy: 1.609
2026-06-22 10:02:18,239 - INFO - Enrichment loop 2
2026-06-22 10:02:42,162 - INFO - New entropy: 1.332
2026-06-22 10:02:42,162 - INFO - Enrichment loop 3
2026-06-22 10:03:02,224 - INFO - New entropy: 1.609
2026-06-22 10:03:09,562 - INFO - Processing: ما هي الإجراءات المتبعة لتصحيح أي أخطاء في البيانات المقدمة؟
2026-06-22 10:03:37,602 - INFO - Initial entropy: 1.609
2026-06-22 10:03:37,602 - INFO - Enrichment loop 1
2026-06-22 10:04:11,320 - INFO - New entropy: 1.332
2026-06-22 10:04:11,320 - INFO - Enrichment loop 2
2026-06-22 10:04:54,621 - INFO - New entropy: 1.609
2026-06-22 10:04:54,621 - INFO - Enrichment loop 3
2026-06-22 10:05:14,312 - INFO - New entropy: 1.609
2026-06-22 10:05:19,574 - INFO - Processing: ما الاعتبارات الأمنية الواجبة عند إجراء عمليات التحويل المالي؟
2026-06-22 10:05:52,372 - INFO - Initial entropy: 1.609
2026-06-22 10:05:52,372 - INFO - Enrichment loop 1
2026-06-22 10:06:07,661 - INFO - New entropy: 1.609
2026-06-22 10:06:07,661 - INFO - Enrichment loop 2
2026-06-22 10:06:25,062 - INFO - New entropy: 1.609
2026-06-22 10:06:25,062 - INFO - Enrichment loop 3
2026-06-22 10:06:59,080 - INFO - New entropy: 1.609
2026-06-22 10:07:06,157 - INFO - Processing: ما هو العنوان المستخدم للتواصل مع النيابة العامة؟
2026-06-22 10:07:24,252 - INFO - Initial entropy: 1.609
2026-06-22 10:07:24,252 - INFO - Enrichment loop 1
2026-06-22 10:07:30,291 - INFO - New entropy: 1.609
2026-06-22 10:07:30,292 - INFO - Enrichment loop 2
2026-06-22 10:07:42,895 - INFO - New entropy: 1.609
2026-06-22 10:07:42,896 - INFO - Enrichment loop 3
2026-06-22 10:07:59,629 - INFO - New entropy: 1.609
2026-06-22 10:25:28,084 - INFO - No device provided, using cuda:0
2026-06-22 10:25:28,265 - INFO - HTTP Request: HEAD https://huggingface.co/sentence-transformers/paraphrase-multilingual-MiniLM-L12-v2/resolve/main/modules.json "HTTP/1.1 307 Temporary Redirect"
2026-06-22 10:25:28,278 - INFO - HTTP Request: HEAD https://huggingface.co/api/resolve-cache/models/sentence-transformers/paraphrase-multilingual-MiniLM-L12-v2/e8f8c211226b894fcb81acc59f3b34ba3efd5f42/modules.json "HTTP/1.1 200 OK"
2026-06-22 10:25:28,415 - INFO - HTTP Request: HEAD https://huggingface.co/sentence-transformers/paraphrase-multilingual-MiniLM-L12-v2/resolve/main/config_sentence_transformers.json "HTTP/1.1 307 Temporary Redirect"
2026-06-22 10:25:28,428 - INFO - HTTP Request: HEAD https://huggingface.co/api/resolve-cache/models/sentence-transformers/paraphrase-multilingual-MiniLM-L12-v2/e8f8c211226b894fcb81acc59f3b34ba3efd5f42/config_sentence_transformers.json "HTTP/1.1 200 OK"
2026-06-22 10:25:28,429 - INFO - Loading SentenceTransformer model from sentence-transformers/paraphrase-multilingual-MiniLM-L12-v2.
2026-06-22 10:25:28,560 - INFO - HTTP Request: HEAD https://huggingface.co/sentence-transformers/paraphrase-multilingual-MiniLM-L12-v2/resolve/main/config_sentence_transformers.json "HTTP/1.1 307 Temporary Redirect"
2026-06-22 10:25:28,574 - INFO - HTTP Request: HEAD https://huggingface.co/api/resolve-cache/models/sentence-transformers/paraphrase-multilingual-MiniLM-L12-v2/e8f8c211226b894fcb81acc59f3b34ba3efd5f42/config_sentence_transformers.json "HTTP/1.1 200 OK"
2026-06-22 10:25:28,697 - INFO - HTTP Request: HEAD https://huggingface.co/sentence-transformers/paraphrase-multilingual-MiniLM-L12-v2/resolve/main/README.md "HTTP/1.1 307 Temporary Redirect"
2026-06-22 10:25:28,709 - INFO - HTTP Request: HEAD https://huggingface.co/api/resolve-cache/models/sentence-transformers/paraphrase-multilingual-MiniLM-L12-v2/e8f8c211226b894fcb81acc59f3b34ba3efd5f42/README.md "HTTP/1.1 200 OK"
2026-06-22 10:25:28,833 - INFO - HTTP Request: HEAD https://huggingface.co/sentence-transformers/paraphrase-multilingual-MiniLM-L12-v2/resolve/main/modules.json "HTTP/1.1 307 Temporary Redirect"
2026-06-22 10:25:28,846 - INFO - HTTP Request: HEAD https://huggingface.co/api/resolve-cache/models/sentence-transformers/paraphrase-multilingual-MiniLM-L12-v2/e8f8c211226b894fcb81acc59f3b34ba3efd5f42/modules.json "HTTP/1.1 200 OK"
2026-06-22 10:25:28,971 - INFO - HTTP Request: HEAD https://huggingface.co/sentence-transformers/paraphrase-multilingual-MiniLM-L12-v2/resolve/main/sentence_bert_config.json "HTTP/1.1 307 Temporary Redirect"
2026-06-22 10:25:28,983 - INFO - HTTP Request: HEAD https://huggingface.co/api/resolve-cache/models/sentence-transformers/paraphrase-multilingual-MiniLM-L12-v2/e8f8c211226b894fcb81acc59f3b34ba3efd5f42/sentence_bert_config.json "HTTP/1.1 200 OK"
2026-06-22 10:25:29,116 - INFO - HTTP Request: HEAD https://huggingface.co/sentence-transformers/paraphrase-multilingual-MiniLM-L12-v2/resolve/main/adapter_config.json "HTTP/1.1 404 Not Found"
2026-06-22 10:25:29,242 - INFO - HTTP Request: HEAD https://huggingface.co/sentence-transformers/paraphrase-multilingual-MiniLM-L12-v2/resolve/main/config.json "HTTP/1.1 307 Temporary Redirect"
2026-06-22 10:25:29,255 - INFO - HTTP Request: HEAD https://huggingface.co/api/resolve-cache/models/sentence-transformers/paraphrase-multilingual-MiniLM-L12-v2/e8f8c211226b894fcb81acc59f3b34ba3efd5f42/config.json "HTTP/1.1 200 OK"
2026-06-22 10:25:29,383 - INFO - HTTP Request: HEAD https://huggingface.co/sentence-transformers/paraphrase-multilingual-MiniLM-L12-v2/resolve/main/config.json "HTTP/1.1 307 Temporary Redirect"
2026-06-22 10:25:29,397 - INFO - HTTP Request: HEAD https://huggingface.co/api/resolve-cache/models/sentence-transformers/paraphrase-multilingual-MiniLM-L12-v2/e8f8c211226b894fcb81acc59f3b34ba3efd5f42/config.json "HTTP/1.1 200 OK"
2026-06-22 10:25:29,943 - INFO - HTTP Request: HEAD https://huggingface.co/sentence-transformers/paraphrase-multilingual-MiniLM-L12-v2/resolve/main/processor_config.json "HTTP/1.1 404 Not Found"
2026-06-22 10:25:30,069 - INFO - HTTP Request: HEAD https://huggingface.co/sentence-transformers/paraphrase-multilingual-MiniLM-L12-v2/resolve/main/preprocessor_config.json "HTTP/1.1 404 Not Found"
2026-06-22 10:25:30,196 - INFO - HTTP Request: HEAD https://huggingface.co/sentence-transformers/paraphrase-multilingual-MiniLM-L12-v2/resolve/main/video_preprocessor_config.json "HTTP/1.1 404 Not Found"
2026-06-22 10:25:30,326 - INFO - HTTP Request: HEAD https://huggingface.co/sentence-transformers/paraphrase-multilingual-MiniLM-L12-v2/resolve/main/preprocessor_config.json "HTTP/1.1 404 Not Found"
2026-06-22 10:25:30,461 - INFO - HTTP Request: HEAD https://huggingface.co/sentence-transformers/paraphrase-multilingual-MiniLM-L12-v2/resolve/main/tokenizer_config.json "HTTP/1.1 307 Temporary Redirect"
2026-06-22 10:25:30,473 - INFO - HTTP Request: HEAD https://huggingface.co/api/resolve-cache/models/sentence-transformers/paraphrase-multilingual-MiniLM-L12-v2/e8f8c211226b894fcb81acc59f3b34ba3efd5f42/tokenizer_config.json "HTTP/1.1 200 OK"
2026-06-22 10:25:30,606 - INFO - HTTP Request: HEAD https://huggingface.co/sentence-transformers/paraphrase-multilingual-MiniLM-L12-v2/resolve/main/config.json "HTTP/1.1 307 Temporary Redirect"
2026-06-22 10:25:30,618 - INFO - HTTP Request: HEAD https://huggingface.co/api/resolve-cache/models/sentence-transformers/paraphrase-multilingual-MiniLM-L12-v2/e8f8c211226b894fcb81acc59f3b34ba3efd5f42/config.json "HTTP/1.1 200 OK"
2026-06-22 10:25:30,747 - INFO - HTTP Request: HEAD https://huggingface.co/sentence-transformers/paraphrase-multilingual-MiniLM-L12-v2/resolve/main/config.json "HTTP/1.1 307 Temporary Redirect"
2026-06-22 10:25:30,761 - INFO - HTTP Request: HEAD https://huggingface.co/api/resolve-cache/models/sentence-transformers/paraphrase-multilingual-MiniLM-L12-v2/e8f8c211226b894fcb81acc59f3b34ba3efd5f42/config.json "HTTP/1.1 200 OK"
2026-06-22 10:25:30,889 - INFO - HTTP Request: HEAD https://huggingface.co/sentence-transformers/paraphrase-multilingual-MiniLM-L12-v2/resolve/main/tokenizer_config.json "HTTP/1.1 307 Temporary Redirect"
2026-06-22 10:25:30,902 - INFO - HTTP Request: HEAD https://huggingface.co/api/resolve-cache/models/sentence-transformers/paraphrase-multilingual-MiniLM-L12-v2/e8f8c211226b894fcb81acc59f3b34ba3efd5f42/tokenizer_config.json "HTTP/1.1 200 OK"
2026-06-22 10:25:31,029 - INFO - HTTP Request: HEAD https://huggingface.co/sentence-transformers/paraphrase-multilingual-MiniLM-L12-v2/resolve/main/tokenizer_config.json "HTTP/1.1 307 Temporary Redirect"
2026-06-22 10:25:31,042 - INFO - HTTP Request: HEAD https://huggingface.co/api/resolve-cache/models/sentence-transformers/paraphrase-multilingual-MiniLM-L12-v2/e8f8c211226b894fcb81acc59f3b34ba3efd5f42/tokenizer_config.json "HTTP/1.1 200 OK"
2026-06-22 10:25:31,174 - INFO - HTTP Request: GET https://huggingface.co/api/models/sentence-transformers/paraphrase-multilingual-MiniLM-L12-v2/tree/main/additional_chat_templates?recursive=false&expand=false "HTTP/1.1 404 Not Found"
2026-06-22 10:25:31,310 - INFO - HTTP Request: GET https://huggingface.co/api/models/sentence-transformers/paraphrase-multilingual-MiniLM-L12-v2/tree/main?recursive=true&expand=false "HTTP/1.1 200 OK"
2026-06-22 10:25:32,979 - INFO - HTTP Request: GET https://huggingface.co/api/models/sentence-transformers/paraphrase-multilingual-MiniLM-L12-v2 "HTTP/1.1 200 OK"
2026-06-22 10:25:33,285 - INFO - HTTP Request: HEAD https://huggingface.co/sentence-transformers/paraphrase-multilingual-MiniLM-L12-v2/resolve/main/1_Pooling/config.json "HTTP/1.1 307 Temporary Redirect"
2026-06-22 10:25:33,296 - INFO - HTTP Request: HEAD https://huggingface.co/api/resolve-cache/models/sentence-transformers/paraphrase-multilingual-MiniLM-L12-v2/e8f8c211226b894fcb81acc59f3b34ba3efd5f42/1_Pooling%2Fconfig.json "HTTP/1.1 200 OK"
2026-06-22 10:25:33,426 - INFO - HTTP Request: GET https://huggingface.co/api/models/sentence-transformers/paraphrase-multilingual-MiniLM-L12-v2 "HTTP/1.1 200 OK"
2026-06-22 10:25:33,703 - INFO - Initializing SAFE Pipeline...
2026-06-22 10:25:33,887 - INFO - HTTP Request: HEAD https://huggingface.co/sentence-transformers/paraphrase-multilingual-MiniLM-L12-v2/resolve/main/modules.json "HTTP/1.1 307 Temporary Redirect"
2026-06-22 10:25:33,899 - INFO - HTTP Request: HEAD https://huggingface.co/api/resolve-cache/models/sentence-transformers/paraphrase-multilingual-MiniLM-L12-v2/e8f8c211226b894fcb81acc59f3b34ba3efd5f42/modules.json "HTTP/1.1 200 OK"
2026-06-22 10:25:34,030 - INFO - HTTP Request: HEAD https://huggingface.co/sentence-transformers/paraphrase-multilingual-MiniLM-L12-v2/resolve/main/config_sentence_transformers.json "HTTP/1.1 307 Temporary Redirect"
2026-06-22 10:25:34,043 - INFO - HTTP Request: HEAD https://huggingface.co/api/resolve-cache/models/sentence-transformers/paraphrase-multilingual-MiniLM-L12-v2/e8f8c211226b894fcb81acc59f3b34ba3efd5f42/config_sentence_transformers.json "HTTP/1.1 200 OK"
2026-06-22 10:25:34,044 - INFO - Loading SentenceTransformer model from sentence-transformers/paraphrase-multilingual-MiniLM-L12-v2.
2026-06-22 10:25:34,167 - INFO - HTTP Request: HEAD https://huggingface.co/sentence-transformers/paraphrase-multilingual-MiniLM-L12-v2/resolve/main/config_sentence_transformers.json "HTTP/1.1 307 Temporary Redirect"
2026-06-22 10:25:34,181 - INFO - HTTP Request: HEAD https://huggingface.co/api/resolve-cache/models/sentence-transformers/paraphrase-multilingual-MiniLM-L12-v2/e8f8c211226b894fcb81acc59f3b34ba3efd5f42/config_sentence_transformers.json "HTTP/1.1 200 OK"
2026-06-22 10:25:34,312 - INFO - HTTP Request: HEAD https://huggingface.co/sentence-transformers/paraphrase-multilingual-MiniLM-L12-v2/resolve/main/README.md "HTTP/1.1 307 Temporary Redirect"
2026-06-22 10:25:34,325 - INFO - HTTP Request: HEAD https://huggingface.co/api/resolve-cache/models/sentence-transformers/paraphrase-multilingual-MiniLM-L12-v2/e8f8c211226b894fcb81acc59f3b34ba3efd5f42/README.md "HTTP/1.1 200 OK"
2026-06-22 10:25:34,448 - INFO - HTTP Request: HEAD https://huggingface.co/sentence-transformers/paraphrase-multilingual-MiniLM-L12-v2/resolve/main/modules.json "HTTP/1.1 307 Temporary Redirect"
2026-06-22 10:25:34,462 - INFO - HTTP Request: HEAD https://huggingface.co/api/resolve-cache/models/sentence-transformers/paraphrase-multilingual-MiniLM-L12-v2/e8f8c211226b894fcb81acc59f3b34ba3efd5f42/modules.json "HTTP/1.1 200 OK"
2026-06-22 10:25:34,601 - INFO - HTTP Request: HEAD https://huggingface.co/sentence-transformers/paraphrase-multilingual-MiniLM-L12-v2/resolve/main/sentence_bert_config.json "HTTP/1.1 307 Temporary Redirect"
2026-06-22 10:25:34,614 - INFO - HTTP Request: HEAD https://huggingface.co/api/resolve-cache/models/sentence-transformers/paraphrase-multilingual-MiniLM-L12-v2/e8f8c211226b894fcb81acc59f3b34ba3efd5f42/sentence_bert_config.json "HTTP/1.1 200 OK"
2026-06-22 10:25:34,746 - INFO - HTTP Request: HEAD https://huggingface.co/sentence-transformers/paraphrase-multilingual-MiniLM-L12-v2/resolve/main/adapter_config.json "HTTP/1.1 404 Not Found"
2026-06-22 10:25:34,875 - INFO - HTTP Request: HEAD https://huggingface.co/sentence-transformers/paraphrase-multilingual-MiniLM-L12-v2/resolve/main/config.json "HTTP/1.1 307 Temporary Redirect"
2026-06-22 10:25:34,889 - INFO - HTTP Request: HEAD https://huggingface.co/api/resolve-cache/models/sentence-transformers/paraphrase-multilingual-MiniLM-L12-v2/e8f8c211226b894fcb81acc59f3b34ba3efd5f42/config.json "HTTP/1.1 200 OK"
2026-06-22 10:25:35,018 - INFO - HTTP Request: HEAD https://huggingface.co/sentence-transformers/paraphrase-multilingual-MiniLM-L12-v2/resolve/main/config.json "HTTP/1.1 307 Temporary Redirect"
2026-06-22 10:25:35,031 - INFO - HTTP Request: HEAD https://huggingface.co/api/resolve-cache/models/sentence-transformers/paraphrase-multilingual-MiniLM-L12-v2/e8f8c211226b894fcb81acc59f3b34ba3efd5f42/config.json "HTTP/1.1 200 OK"
2026-06-22 10:25:35,278 - INFO - HTTP Request: HEAD https://huggingface.co/sentence-transformers/paraphrase-multilingual-MiniLM-L12-v2/resolve/main/processor_config.json "HTTP/1.1 404 Not Found"
2026-06-22 10:25:35,403 - INFO - HTTP Request: HEAD https://huggingface.co/sentence-transformers/paraphrase-multilingual-MiniLM-L12-v2/resolve/main/preprocessor_config.json "HTTP/1.1 404 Not Found"
2026-06-22 10:25:35,533 - INFO - HTTP Request: HEAD https://huggingface.co/sentence-transformers/paraphrase-multilingual-MiniLM-L12-v2/resolve/main/video_preprocessor_config.json "HTTP/1.1 404 Not Found"
2026-06-22 10:25:35,657 - INFO - HTTP Request: HEAD https://huggingface.co/sentence-transformers/paraphrase-multilingual-MiniLM-L12-v2/resolve/main/preprocessor_config.json "HTTP/1.1 404 Not Found"
2026-06-22 10:25:35,786 - INFO - HTTP Request: HEAD https://huggingface.co/sentence-transformers/paraphrase-multilingual-MiniLM-L12-v2/resolve/main/tokenizer_config.json "HTTP/1.1 307 Temporary Redirect"
2026-06-22 10:25:35,798 - INFO - HTTP Request: HEAD https://huggingface.co/api/resolve-cache/models/sentence-transformers/paraphrase-multilingual-MiniLM-L12-v2/e8f8c211226b894fcb81acc59f3b34ba3efd5f42/tokenizer_config.json "HTTP/1.1 200 OK"
2026-06-22 10:25:35,928 - INFO - HTTP Request: HEAD https://huggingface.co/sentence-transformers/paraphrase-multilingual-MiniLM-L12-v2/resolve/main/config.json "HTTP/1.1 307 Temporary Redirect"
2026-06-22 10:25:35,939 - INFO - HTTP Request: HEAD https://huggingface.co/api/resolve-cache/models/sentence-transformers/paraphrase-multilingual-MiniLM-L12-v2/e8f8c211226b894fcb81acc59f3b34ba3efd5f42/config.json "HTTP/1.1 200 OK"
2026-06-22 10:25:36,069 - INFO - HTTP Request: HEAD https://huggingface.co/sentence-transformers/paraphrase-multilingual-MiniLM-L12-v2/resolve/main/config.json "HTTP/1.1 307 Temporary Redirect"
2026-06-22 10:25:36,082 - INFO - HTTP Request: HEAD https://huggingface.co/api/resolve-cache/models/sentence-transformers/paraphrase-multilingual-MiniLM-L12-v2/e8f8c211226b894fcb81acc59f3b34ba3efd5f42/config.json "HTTP/1.1 200 OK"
2026-06-22 10:25:36,212 - INFO - HTTP Request: HEAD https://huggingface.co/sentence-transformers/paraphrase-multilingual-MiniLM-L12-v2/resolve/main/tokenizer_config.json "HTTP/1.1 307 Temporary Redirect"
2026-06-22 10:25:36,225 - INFO - HTTP Request: HEAD https://huggingface.co/api/resolve-cache/models/sentence-transformers/paraphrase-multilingual-MiniLM-L12-v2/e8f8c211226b894fcb81acc59f3b34ba3efd5f42/tokenizer_config.json "HTTP/1.1 200 OK"
2026-06-22 10:25:36,352 - INFO - HTTP Request: HEAD https://huggingface.co/sentence-transformers/paraphrase-multilingual-MiniLM-L12-v2/resolve/main/tokenizer_config.json "HTTP/1.1 307 Temporary Redirect"
2026-06-22 10:25:36,364 - INFO - HTTP Request: HEAD https://huggingface.co/api/resolve-cache/models/sentence-transformers/paraphrase-multilingual-MiniLM-L12-v2/e8f8c211226b894fcb81acc59f3b34ba3efd5f42/tokenizer_config.json "HTTP/1.1 200 OK"
2026-06-22 10:25:36,493 - INFO - HTTP Request: GET https://huggingface.co/api/models/sentence-transformers/paraphrase-multilingual-MiniLM-L12-v2/tree/main/additional_chat_templates?recursive=false&expand=false "HTTP/1.1 404 Not Found"
2026-06-22 10:25:36,622 - INFO - HTTP Request: GET https://huggingface.co/api/models/sentence-transformers/paraphrase-multilingual-MiniLM-L12-v2/tree/main?recursive=true&expand=false "HTTP/1.1 200 OK"
2026-06-22 10:25:38,199 - INFO - HTTP Request: GET https://huggingface.co/api/models/sentence-transformers/paraphrase-multilingual-MiniLM-L12-v2 "HTTP/1.1 200 OK"
2026-06-22 10:25:38,528 - INFO - HTTP Request: HEAD https://huggingface.co/sentence-transformers/paraphrase-multilingual-MiniLM-L12-v2/resolve/main/1_Pooling/config.json "HTTP/1.1 307 Temporary Redirect"
2026-06-22 10:25:38,541 - INFO - HTTP Request: HEAD https://huggingface.co/api/resolve-cache/models/sentence-transformers/paraphrase-multilingual-MiniLM-L12-v2/e8f8c211226b894fcb81acc59f3b34ba3efd5f42/1_Pooling%2Fconfig.json "HTTP/1.1 200 OK"
2026-06-22 10:25:38,667 - INFO - HTTP Request: GET https://huggingface.co/api/models/sentence-transformers/paraphrase-multilingual-MiniLM-L12-v2 "HTTP/1.1 200 OK"
2026-06-22 10:25:38,804 - INFO - Loading fine-tuned model for generation from ./checkpoints/ft_raca_v2/merged...
2026-06-22 10:25:45,284 - INFO - Generator ready.
2026-06-22 10:25:45,284 - INFO - Wrapping model in HookedSAETransformer...
2026-06-22 10:25:45,470 - INFO - HTTP Request: HEAD https://huggingface.co/meta-llama/Llama-3.1-8B-Instruct/resolve/main/config.json "HTTP/1.1 200 OK"
2026-06-22 10:25:45,601 - INFO - HTTP Request: HEAD https://huggingface.co/meta-llama/Llama-3.1-8B-Instruct/resolve/main/tokenizer_config.json "HTTP/1.1 200 OK"
2026-06-22 10:25:45,733 - INFO - HTTP Request: GET https://huggingface.co/api/models/meta-llama/Llama-3.1-8B-Instruct/tree/main/additional_chat_templates?recursive=false&expand=false "HTTP/1.1 404 Not Found"
2026-06-22 10:25:45,869 - INFO - HTTP Request: GET https://huggingface.co/api/models/meta-llama/Llama-3.1-8B-Instruct/tree/main?recursive=true&expand=false "HTTP/1.1 200 OK"
2026-06-22 10:25:47,328 - INFO - HTTP Request: GET https://huggingface.co/api/models/meta-llama/Llama-3.1-8B-Instruct "HTTP/1.1 200 OK"
2026-06-22 10:26:03,197 - INFO - Loading Goodfire SAE (goodfire-llama-3.1-8b-instruct / layer_19)...
2026-06-22 10:26:07,092 - INFO - HTTP Request: HEAD https://huggingface.co/Goodfire/Llama-3.1-8B-Instruct-SAE-l19/resolve/main/Llama-3.1-8B-Instruct-SAE-l19.pth "HTTP/1.1 302 Found"
2026-06-22 10:26:08,857 - INFO - Loading Neuronpedia feature labels...
2026-06-22 10:26:08,857 - INFO - Loaded 0 feature labels
2026-06-22 10:26:08,883 - INFO - RAG: loaded 49 documents
2026-06-22 10:26:08,885 - INFO - Loading faiss with AVX2 support.
2026-06-22 10:26:08,885 - INFO - Could not load library with AVX2 support due to:
ModuleNotFoundError("No module named 'faiss.swigfaiss_avx2'")
2026-06-22 10:26:08,885 - INFO - Loading faiss.
2026-06-22 10:26:08,907 - INFO - Successfully loaded faiss.
2026-06-22 10:26:09,180 - INFO - SAFE Pipeline ready.
2026-06-22 10:26:09,181 - INFO - Processing: ما هو القانون رقم (15) لسنة 2014 الذي أشار إليه التعميم؟
2026-06-22 10:26:15,941 - INFO - Initial entropy: -0.000
2026-06-22 10:26:15,942 - INFO - Entropy OK — stopping enrichment.
2026-06-22 10:26:16,927 - INFO - Processing: ما هو البند الذي تم استبدال الفقرة الثانية منه في المادة (6.2)؟
2026-06-22 10:26:29,318 - INFO - Initial entropy: 1.332
2026-06-22 10:26:29,319 - INFO - Enrichment loop 1
2026-06-22 10:26:54,897 - INFO - New entropy: 1.332
2026-06-22 10:26:54,898 - INFO - Enrichment loop 2
2026-06-22 10:27:04,170 - INFO - New entropy: 1.332
2026-06-22 10:27:04,171 - INFO - Enrichment loop 3
2026-06-22 10:27:11,512 - INFO - New entropy: 0.950
2026-06-22 10:27:14,481 - INFO - Processing: ما هي المعايير المعترف بها عالميًا لمكافحة غسل الأموال وتمويل الإرهاب؟
2026-06-22 10:27:27,070 - INFO - Initial entropy: 0.500
2026-06-22 10:27:27,070 - INFO - Entropy OK — stopping enrichment.
2026-06-22 10:27:28,020 - INFO - Processing: ما هي الحالة الأمنية التي يجب مراعاتها عند تحويل الأموال؟
2026-06-22 10:27:36,245 - INFO - Initial entropy: 1.055
2026-06-22 10:27:36,245 - INFO - Enrichment loop 1
2026-06-22 10:27:44,111 - INFO - New entropy: 1.332
2026-06-22 10:27:44,112 - INFO - Enrichment loop 2
2026-06-22 10:27:52,177 - INFO - New entropy: 1.332
2026-06-22 10:27:52,178 - INFO - Enrichment loop 3
2026-06-22 10:28:03,216 - INFO - New entropy: 0.950
2026-06-22 10:28:04,449 - INFO - Processing: ما هو الهدف الخامس من هذه القواعد الإرشادية؟
2026-06-22 10:28:12,151 - INFO - Initial entropy: 1.609
2026-06-22 10:28:12,151 - INFO - Enrichment loop 1
2026-06-22 10:28:20,016 - INFO - New entropy: 1.609
2026-06-22 10:28:20,016 - INFO - Enrichment loop 2
2026-06-22 10:28:27,500 - INFO - New entropy: 1.332
2026-06-22 10:28:27,500 - INFO - Enrichment loop 3
2026-06-22 10:28:36,330 - INFO - New entropy: 1.609
2026-06-22 10:28:37,386 - INFO - Processing: ما هي إحدى الوظائف التي يقوم بها المكتب في التعامل مع القوائم الأممية؟
2026-06-22 10:28:47,206 - INFO - Initial entropy: 1.332
2026-06-22 10:28:47,206 - INFO - Enrichment loop 1
2026-06-22 10:28:55,008 - INFO - New entropy: 0.673
2026-06-22 10:28:55,008 - INFO - Enrichment loop 2
2026-06-22 10:29:03,733 - INFO - New entropy: 1.332
2026-06-22 10:29:03,734 - INFO - Enrichment loop 3
2026-06-22 10:29:14,020 - INFO - New entropy: 0.950
2026-06-22 10:29:15,913 - INFO - Processing: ما الواجبات المفروضة على المنظمات بشأن تقديم التقارير للهيئة؟
2026-06-22 10:29:26,864 - INFO - Initial entropy: 1.609
2026-06-22 10:29:26,864 - INFO - Enrichment loop 1
2026-06-22 10:29:35,130 - INFO - New entropy: 0.500
2026-06-22 10:29:35,130 - INFO - Entropy OK — stopping enrichment.
2026-06-22 10:29:36,712 - INFO - Processing: ما تعريف من التعريفات المذكورة في النص؟
2026-06-22 10:29:51,996 - INFO - Initial entropy: 1.609
2026-06-22 10:29:51,997 - INFO - Enrichment loop 1
2026-06-22 10:30:03,215 - INFO - New entropy: 1.609
2026-06-22 10:30:03,215 - INFO - Enrichment loop 2
2026-06-22 10:30:21,011 - INFO - New entropy: 1.609
2026-06-22 10:30:21,012 - INFO - Enrichment loop 3
2026-06-22 10:30:42,188 - INFO - New entropy: 1.609
2026-06-22 10:30:43,033 - INFO - Processing: كيف يمكن تعديل الميثاق؟
2026-06-22 10:30:50,986 - INFO - Initial entropy: 1.609
2026-06-22 10:30:50,986 - INFO - Enrichment loop 1
2026-06-22 10:30:59,243 - INFO - New entropy: 1.609
2026-06-22 10:30:59,243 - INFO - Enrichment loop 2
2026-06-22 10:31:07,959 - INFO - New entropy: 1.609
2026-06-22 10:31:07,960 - INFO - Enrichment loop 3
2026-06-22 10:31:23,693 - INFO - New entropy: 0.950
2026-06-22 10:31:24,921 - INFO - Processing: ما هي إحدى الوظائف التي يقوم بها المكتب في المشاركة في الاجتماعات والمؤتمرات؟
2026-06-22 10:31:35,413 - INFO - Initial entropy: -0.000
2026-06-22 10:31:35,413 - INFO - Entropy OK — stopping enrichment.
2026-06-22 10:31:38,600 - INFO - Processing: ما الإفصاحات الدورية المطلوبة من المنظمات؟
2026-06-22 10:31:47,951 - INFO - Initial entropy: 1.332
2026-06-22 10:31:47,951 - INFO - Enrichment loop 1
2026-06-22 10:31:57,049 - INFO - New entropy: 1.609
2026-06-22 10:31:57,050 - INFO - Enrichment loop 2
2026-06-22 10:32:06,572 - INFO - New entropy: 0.950
2026-06-22 10:32:06,572 - INFO - Enrichment loop 3
2026-06-22 10:32:17,404 - INFO - New entropy: 0.500
2026-06-22 10:32:18,981 - INFO - Processing: ما هي الإجراءات التي يجب اتباعها عند تحويل الأموال لبلد لا يوجد به جهاز مصرفي؟
2026-06-22 10:32:32,451 - INFO - Initial entropy: 0.950
2026-06-22 10:32:32,451 - INFO - Enrichment loop 1
2026-06-22 10:32:46,653 - INFO - New entropy: 1.332
2026-06-22 10:32:46,653 - INFO - Enrichment loop 2
2026-06-22 10:32:59,344 - INFO - New entropy: 0.950
2026-06-22 10:32:59,344 - INFO - Enrichment loop 3
2026-06-22 10:33:17,790 - INFO - New entropy: 0.950
2026-06-22 10:33:19,931 - INFO - Processing: ما飑 هي الإرشادات المحددة التي يجب الالتزام بها في تسيير الفروع الخارجية؟ 

(Note: There is a typo in the Chinese characters " WHAT" (what) in the middle of the sentence, which may be a mistake. The correct sentence should be: 

ما هي الإرشادات المحددة التي يجب الالتزام بها في تسيير الفروع الخارجية؟)
2026-06-22 10:33:28,016 - INFO - Initial entropy: -0.000
2026-06-22 10:33:28,016 - INFO - Entropy OK — stopping enrichment.
2026-06-22 10:33:29,572 - INFO - Processing: ما هي الآليات التي يتم تنظيمها في قرار النائب العام رقم (1) لسنة 2020؟
2026-06-22 10:33:42,723 - INFO - Initial entropy: -0.000
2026-06-22 10:33:42,723 - INFO - Entropy OK — stopping enrichment.
2026-06-22 10:33:45,183 - INFO - Processing: ما هو القانون الذي يصدر قانون مكافحة غسل الأموال وتمويل الإرهاب؟
2026-06-22 10:33:49,223 - INFO - Initial entropy: -0.000
2026-06-22 10:33:49,224 - INFO - Entropy OK — stopping enrichment.
2026-06-22 10:33:49,900 - INFO - Processing: ما هي الأنشطة المسموح بها للجمعيات الخيرية في النص؟
2026-06-22 10:33:58,996 - INFO - Initial entropy: -0.000
2026-06-22 10:33:58,996 - INFO - Entropy OK — stopping enrichment.
2026-06-22 10:34:00,817 - INFO - Processing: ما هي الوثائق التي يجب الاطلاع عليها عند تنظيم التحويلات المالية لخارج قطر؟
2026-06-22 10:34:25,966 - INFO - Initial entropy: 0.673
2026-06-22 10:34:25,966 - INFO - Enrichment loop 1
2026-06-22 10:34:41,057 - INFO - New entropy: -0.000
2026-06-22 10:34:41,057 - INFO - Entropy OK — stopping enrichment.
2026-06-22 10:34:51,635 - INFO - Processing: ما هي الإجراءات المتبعة لتصحيح أي أخطاء في البيانات المقدمة؟
2026-06-22 10:35:00,902 - INFO - Initial entropy: 0.950
2026-06-22 10:35:00,902 - INFO - Enrichment loop 1
2026-06-22 10:35:10,592 - INFO - New entropy: -0.000
2026-06-22 10:35:10,592 - INFO - Entropy OK — stopping enrichment.
2026-06-22 10:35:12,700 - INFO - Processing: ما الاعتبارات الأمنية الواجبة عند إجراء عمليات التحويل المالي؟
2026-06-22 10:35:22,162 - INFO - Initial entropy: 1.332
2026-06-22 10:35:22,162 - INFO - Enrichment loop 1
2026-06-22 10:35:29,481 - INFO - New entropy: 1.332
2026-06-22 10:35:29,481 - INFO - Enrichment loop 2
2026-06-22 10:35:41,564 - INFO - New entropy: 0.673
2026-06-22 10:35:41,564 - INFO - Enrichment loop 3
2026-06-22 10:35:49,751 - INFO - New entropy: 1.332
2026-06-22 10:35:52,030 - INFO - Processing: ما هو العنوان المستخدم للتواصل مع النيابة العامة؟
2026-06-22 10:36:06,369 - INFO - Initial entropy: 0.500
2026-06-22 10:36:06,369 - INFO - Entropy OK — stopping enrichment.
2026-06-23 09:43:46,921 - INFO - Initializing SAFE Pipeline...
2026-06-23 09:43:47,061 - INFO - HTTP Request: HEAD https://huggingface.co/sentence-transformers/paraphrase-multilingual-MiniLM-L12-v2/resolve/main/modules.json "HTTP/1.1 307 Temporary Redirect"
2026-06-23 09:43:47,069 - INFO - HTTP Request: HEAD https://huggingface.co/api/resolve-cache/models/sentence-transformers/paraphrase-multilingual-MiniLM-L12-v2/e8f8c211226b894fcb81acc59f3b34ba3efd5f42/modules.json "HTTP/1.1 200 OK"
2026-06-23 09:43:47,195 - INFO - HTTP Request: HEAD https://huggingface.co/sentence-transformers/paraphrase-multilingual-MiniLM-L12-v2/resolve/main/config_sentence_transformers.json "HTTP/1.1 307 Temporary Redirect"
2026-06-23 09:43:47,202 - INFO - HTTP Request: HEAD https://huggingface.co/api/resolve-cache/models/sentence-transformers/paraphrase-multilingual-MiniLM-L12-v2/e8f8c211226b894fcb81acc59f3b34ba3efd5f42/config_sentence_transformers.json "HTTP/1.1 200 OK"
2026-06-23 09:43:47,203 - INFO - Loading SentenceTransformer model from sentence-transformers/paraphrase-multilingual-MiniLM-L12-v2.
2026-06-23 09:43:47,330 - INFO - HTTP Request: HEAD https://huggingface.co/sentence-transformers/paraphrase-multilingual-MiniLM-L12-v2/resolve/main/config_sentence_transformers.json "HTTP/1.1 307 Temporary Redirect"
2026-06-23 09:43:47,336 - INFO - HTTP Request: HEAD https://huggingface.co/api/resolve-cache/models/sentence-transformers/paraphrase-multilingual-MiniLM-L12-v2/e8f8c211226b894fcb81acc59f3b34ba3efd5f42/config_sentence_transformers.json "HTTP/1.1 200 OK"
2026-06-23 09:43:47,461 - INFO - HTTP Request: HEAD https://huggingface.co/sentence-transformers/paraphrase-multilingual-MiniLM-L12-v2/resolve/main/README.md "HTTP/1.1 307 Temporary Redirect"
2026-06-23 09:43:47,462 - WARNING - Warning: You are sending unauthenticated requests to the HF Hub. Please set a HF_TOKEN to enable higher rate limits and faster downloads.
2026-06-23 09:43:47,468 - INFO - HTTP Request: HEAD https://huggingface.co/api/resolve-cache/models/sentence-transformers/paraphrase-multilingual-MiniLM-L12-v2/e8f8c211226b894fcb81acc59f3b34ba3efd5f42/README.md "HTTP/1.1 200 OK"
2026-06-23 09:43:47,596 - INFO - HTTP Request: HEAD https://huggingface.co/sentence-transformers/paraphrase-multilingual-MiniLM-L12-v2/resolve/main/modules.json "HTTP/1.1 307 Temporary Redirect"
2026-06-23 09:43:47,602 - INFO - HTTP Request: HEAD https://huggingface.co/api/resolve-cache/models/sentence-transformers/paraphrase-multilingual-MiniLM-L12-v2/e8f8c211226b894fcb81acc59f3b34ba3efd5f42/modules.json "HTTP/1.1 200 OK"
2026-06-23 09:43:47,731 - INFO - HTTP Request: HEAD https://huggingface.co/sentence-transformers/paraphrase-multilingual-MiniLM-L12-v2/resolve/main/sentence_bert_config.json "HTTP/1.1 307 Temporary Redirect"
2026-06-23 09:43:47,738 - INFO - HTTP Request: HEAD https://huggingface.co/api/resolve-cache/models/sentence-transformers/paraphrase-multilingual-MiniLM-L12-v2/e8f8c211226b894fcb81acc59f3b34ba3efd5f42/sentence_bert_config.json "HTTP/1.1 200 OK"
2026-06-23 09:43:47,874 - INFO - HTTP Request: HEAD https://huggingface.co/sentence-transformers/paraphrase-multilingual-MiniLM-L12-v2/resolve/main/adapter_config.json "HTTP/1.1 404 Not Found"
2026-06-23 09:43:47,999 - INFO - HTTP Request: HEAD https://huggingface.co/sentence-transformers/paraphrase-multilingual-MiniLM-L12-v2/resolve/main/config.json "HTTP/1.1 307 Temporary Redirect"
2026-06-23 09:43:48,007 - INFO - HTTP Request: HEAD https://huggingface.co/api/resolve-cache/models/sentence-transformers/paraphrase-multilingual-MiniLM-L12-v2/e8f8c211226b894fcb81acc59f3b34ba3efd5f42/config.json "HTTP/1.1 200 OK"
2026-06-23 09:43:48,144 - INFO - HTTP Request: HEAD https://huggingface.co/sentence-transformers/paraphrase-multilingual-MiniLM-L12-v2/resolve/main/config.json "HTTP/1.1 307 Temporary Redirect"
2026-06-23 09:43:48,151 - INFO - HTTP Request: HEAD https://huggingface.co/api/resolve-cache/models/sentence-transformers/paraphrase-multilingual-MiniLM-L12-v2/e8f8c211226b894fcb81acc59f3b34ba3efd5f42/config.json "HTTP/1.1 200 OK"
2026-06-23 09:43:48,563 - INFO - HTTP Request: HEAD https://huggingface.co/sentence-transformers/paraphrase-multilingual-MiniLM-L12-v2/resolve/main/processor_config.json "HTTP/1.1 404 Not Found"
2026-06-23 09:43:48,700 - INFO - HTTP Request: HEAD https://huggingface.co/sentence-transformers/paraphrase-multilingual-MiniLM-L12-v2/resolve/main/preprocessor_config.json "HTTP/1.1 404 Not Found"
2026-06-23 09:43:48,830 - INFO - HTTP Request: HEAD https://huggingface.co/sentence-transformers/paraphrase-multilingual-MiniLM-L12-v2/resolve/main/video_preprocessor_config.json "HTTP/1.1 404 Not Found"
2026-06-23 09:43:48,959 - INFO - HTTP Request: HEAD https://huggingface.co/sentence-transformers/paraphrase-multilingual-MiniLM-L12-v2/resolve/main/preprocessor_config.json "HTTP/1.1 404 Not Found"
2026-06-23 09:43:49,085 - INFO - HTTP Request: HEAD https://huggingface.co/sentence-transformers/paraphrase-multilingual-MiniLM-L12-v2/resolve/main/tokenizer_config.json "HTTP/1.1 307 Temporary Redirect"
2026-06-23 09:43:49,092 - INFO - HTTP Request: HEAD https://huggingface.co/api/resolve-cache/models/sentence-transformers/paraphrase-multilingual-MiniLM-L12-v2/e8f8c211226b894fcb81acc59f3b34ba3efd5f42/tokenizer_config.json "HTTP/1.1 200 OK"
2026-06-23 09:43:49,218 - INFO - HTTP Request: HEAD https://huggingface.co/sentence-transformers/paraphrase-multilingual-MiniLM-L12-v2/resolve/main/config.json "HTTP/1.1 307 Temporary Redirect"
2026-06-23 09:43:49,225 - INFO - HTTP Request: HEAD https://huggingface.co/api/resolve-cache/models/sentence-transformers/paraphrase-multilingual-MiniLM-L12-v2/e8f8c211226b894fcb81acc59f3b34ba3efd5f42/config.json "HTTP/1.1 200 OK"
2026-06-23 09:43:49,360 - INFO - HTTP Request: HEAD https://huggingface.co/sentence-transformers/paraphrase-multilingual-MiniLM-L12-v2/resolve/main/config.json "HTTP/1.1 307 Temporary Redirect"
2026-06-23 09:43:49,367 - INFO - HTTP Request: HEAD https://huggingface.co/api/resolve-cache/models/sentence-transformers/paraphrase-multilingual-MiniLM-L12-v2/e8f8c211226b894fcb81acc59f3b34ba3efd5f42/config.json "HTTP/1.1 200 OK"
2026-06-23 09:43:49,496 - INFO - HTTP Request: HEAD https://huggingface.co/sentence-transformers/paraphrase-multilingual-MiniLM-L12-v2/resolve/main/tokenizer_config.json "HTTP/1.1 307 Temporary Redirect"
2026-06-23 09:43:49,505 - INFO - HTTP Request: HEAD https://huggingface.co/api/resolve-cache/models/sentence-transformers/paraphrase-multilingual-MiniLM-L12-v2/e8f8c211226b894fcb81acc59f3b34ba3efd5f42/tokenizer_config.json "HTTP/1.1 200 OK"
2026-06-23 09:43:49,634 - INFO - HTTP Request: HEAD https://huggingface.co/sentence-transformers/paraphrase-multilingual-MiniLM-L12-v2/resolve/main/tokenizer_config.json "HTTP/1.1 307 Temporary Redirect"
2026-06-23 09:43:49,642 - INFO - HTTP Request: HEAD https://huggingface.co/api/resolve-cache/models/sentence-transformers/paraphrase-multilingual-MiniLM-L12-v2/e8f8c211226b894fcb81acc59f3b34ba3efd5f42/tokenizer_config.json "HTTP/1.1 200 OK"
2026-06-23 09:43:49,772 - INFO - HTTP Request: GET https://huggingface.co/api/models/sentence-transformers/paraphrase-multilingual-MiniLM-L12-v2/tree/main/additional_chat_templates?recursive=false&expand=false "HTTP/1.1 404 Not Found"
2026-06-23 09:43:49,905 - INFO - HTTP Request: GET https://huggingface.co/api/models/sentence-transformers/paraphrase-multilingual-MiniLM-L12-v2/tree/main?recursive=true&expand=false "HTTP/1.1 200 OK"
2026-06-23 09:43:51,100 - INFO - HTTP Request: GET https://huggingface.co/api/models/sentence-transformers/paraphrase-multilingual-MiniLM-L12-v2 "HTTP/1.1 200 OK"
2026-06-23 09:43:51,364 - INFO - HTTP Request: HEAD https://huggingface.co/sentence-transformers/paraphrase-multilingual-MiniLM-L12-v2/resolve/main/1_Pooling/config.json "HTTP/1.1 307 Temporary Redirect"
2026-06-23 09:43:51,371 - INFO - HTTP Request: HEAD https://huggingface.co/api/resolve-cache/models/sentence-transformers/paraphrase-multilingual-MiniLM-L12-v2/e8f8c211226b894fcb81acc59f3b34ba3efd5f42/1_Pooling%2Fconfig.json "HTTP/1.1 200 OK"
2026-06-23 09:43:51,512 - INFO - HTTP Request: GET https://huggingface.co/api/models/sentence-transformers/paraphrase-multilingual-MiniLM-L12-v2 "HTTP/1.1 200 OK"
2026-06-23 09:43:51,864 - INFO - Loading fine-tuned model for generation from ./checkpoints/ft_raca_v2/merged...
2026-06-23 09:43:56,301 - INFO - Generator ready.
2026-06-23 09:43:56,301 - INFO - Wrapping model in HookedSAETransformer...
2026-06-23 09:43:56,451 - INFO - HTTP Request: HEAD https://huggingface.co/meta-llama/Llama-3.1-8B-Instruct/resolve/main/config.json "HTTP/1.1 401 Unauthorized"
2026-06-23 09:43:56,575 - INFO - HTTP Request: HEAD https://huggingface.co/meta-llama/Llama-3.1-8B-Instruct/resolve/main/config.json "HTTP/1.1 401 Unauthorized"
2026-06-23 09:45:02,658 - INFO - Initializing SAFE Pipeline...
2026-06-23 09:45:02,803 - INFO - HTTP Request: HEAD https://huggingface.co/sentence-transformers/paraphrase-multilingual-MiniLM-L12-v2/resolve/main/modules.json "HTTP/1.1 307 Temporary Redirect"
2026-06-23 09:45:02,926 - INFO - HTTP Request: HEAD https://huggingface.co/api/resolve-cache/models/sentence-transformers/paraphrase-multilingual-MiniLM-L12-v2/e8f8c211226b894fcb81acc59f3b34ba3efd5f42/modules.json "HTTP/1.1 200 OK"
2026-06-23 09:45:03,055 - INFO - HTTP Request: HEAD https://huggingface.co/sentence-transformers/paraphrase-multilingual-MiniLM-L12-v2/resolve/main/config_sentence_transformers.json "HTTP/1.1 307 Temporary Redirect"
2026-06-23 09:45:03,177 - INFO - HTTP Request: HEAD https://huggingface.co/api/resolve-cache/models/sentence-transformers/paraphrase-multilingual-MiniLM-L12-v2/e8f8c211226b894fcb81acc59f3b34ba3efd5f42/config_sentence_transformers.json "HTTP/1.1 200 OK"
2026-06-23 09:45:03,178 - INFO - Loading SentenceTransformer model from sentence-transformers/paraphrase-multilingual-MiniLM-L12-v2.
2026-06-23 09:45:03,359 - INFO - HTTP Request: HEAD https://huggingface.co/sentence-transformers/paraphrase-multilingual-MiniLM-L12-v2/resolve/main/config_sentence_transformers.json "HTTP/1.1 307 Temporary Redirect"
2026-06-23 09:45:03,368 - INFO - HTTP Request: HEAD https://huggingface.co/api/resolve-cache/models/sentence-transformers/paraphrase-multilingual-MiniLM-L12-v2/e8f8c211226b894fcb81acc59f3b34ba3efd5f42/config_sentence_transformers.json "HTTP/1.1 200 OK"
2026-06-23 09:45:03,498 - INFO - HTTP Request: HEAD https://huggingface.co/sentence-transformers/paraphrase-multilingual-MiniLM-L12-v2/resolve/main/README.md "HTTP/1.1 307 Temporary Redirect"
2026-06-23 09:45:03,621 - INFO - HTTP Request: HEAD https://huggingface.co/api/resolve-cache/models/sentence-transformers/paraphrase-multilingual-MiniLM-L12-v2/e8f8c211226b894fcb81acc59f3b34ba3efd5f42/README.md "HTTP/1.1 200 OK"
2026-06-23 09:45:03,756 - INFO - HTTP Request: HEAD https://huggingface.co/sentence-transformers/paraphrase-multilingual-MiniLM-L12-v2/resolve/main/modules.json "HTTP/1.1 307 Temporary Redirect"
2026-06-23 09:45:03,765 - INFO - HTTP Request: HEAD https://huggingface.co/api/resolve-cache/models/sentence-transformers/paraphrase-multilingual-MiniLM-L12-v2/e8f8c211226b894fcb81acc59f3b34ba3efd5f42/modules.json "HTTP/1.1 200 OK"
2026-06-23 09:45:03,903 - INFO - HTTP Request: HEAD https://huggingface.co/sentence-transformers/paraphrase-multilingual-MiniLM-L12-v2/resolve/main/sentence_bert_config.json "HTTP/1.1 307 Temporary Redirect"
2026-06-23 09:45:04,025 - INFO - HTTP Request: HEAD https://huggingface.co/api/resolve-cache/models/sentence-transformers/paraphrase-multilingual-MiniLM-L12-v2/e8f8c211226b894fcb81acc59f3b34ba3efd5f42/sentence_bert_config.json "HTTP/1.1 200 OK"
2026-06-23 09:45:04,169 - INFO - HTTP Request: HEAD https://huggingface.co/sentence-transformers/paraphrase-multilingual-MiniLM-L12-v2/resolve/main/adapter_config.json "HTTP/1.1 404 Not Found"
2026-06-23 09:45:04,323 - INFO - HTTP Request: HEAD https://huggingface.co/sentence-transformers/paraphrase-multilingual-MiniLM-L12-v2/resolve/main/config.json "HTTP/1.1 307 Temporary Redirect"
2026-06-23 09:45:04,446 - INFO - HTTP Request: HEAD https://huggingface.co/api/resolve-cache/models/sentence-transformers/paraphrase-multilingual-MiniLM-L12-v2/e8f8c211226b894fcb81acc59f3b34ba3efd5f42/config.json "HTTP/1.1 200 OK"
2026-06-23 09:45:04,590 - INFO - HTTP Request: HEAD https://huggingface.co/sentence-transformers/paraphrase-multilingual-MiniLM-L12-v2/resolve/main/config.json "HTTP/1.1 307 Temporary Redirect"
2026-06-23 09:45:04,599 - INFO - HTTP Request: HEAD https://huggingface.co/api/resolve-cache/models/sentence-transformers/paraphrase-multilingual-MiniLM-L12-v2/e8f8c211226b894fcb81acc59f3b34ba3efd5f42/config.json "HTTP/1.1 200 OK"
2026-06-23 09:45:04,859 - INFO - HTTP Request: HEAD https://huggingface.co/sentence-transformers/paraphrase-multilingual-MiniLM-L12-v2/resolve/main/processor_config.json "HTTP/1.1 404 Not Found"
2026-06-23 09:45:05,002 - INFO - HTTP Request: HEAD https://huggingface.co/sentence-transformers/paraphrase-multilingual-MiniLM-L12-v2/resolve/main/preprocessor_config.json "HTTP/1.1 404 Not Found"
2026-06-23 09:45:05,135 - INFO - HTTP Request: HEAD https://huggingface.co/sentence-transformers/paraphrase-multilingual-MiniLM-L12-v2/resolve/main/video_preprocessor_config.json "HTTP/1.1 404 Not Found"
2026-06-23 09:45:05,270 - INFO - HTTP Request: HEAD https://huggingface.co/sentence-transformers/paraphrase-multilingual-MiniLM-L12-v2/resolve/main/preprocessor_config.json "HTTP/1.1 404 Not Found"
2026-06-23 09:45:05,432 - INFO - HTTP Request: HEAD https://huggingface.co/sentence-transformers/paraphrase-multilingual-MiniLM-L12-v2/resolve/main/tokenizer_config.json "HTTP/1.1 307 Temporary Redirect"
2026-06-23 09:45:05,556 - INFO - HTTP Request: HEAD https://huggingface.co/api/resolve-cache/models/sentence-transformers/paraphrase-multilingual-MiniLM-L12-v2/e8f8c211226b894fcb81acc59f3b34ba3efd5f42/tokenizer_config.json "HTTP/1.1 200 OK"
2026-06-23 09:45:05,689 - INFO - HTTP Request: HEAD https://huggingface.co/sentence-transformers/paraphrase-multilingual-MiniLM-L12-v2/resolve/main/config.json "HTTP/1.1 307 Temporary Redirect"
2026-06-23 09:45:05,697 - INFO - HTTP Request: HEAD https://huggingface.co/api/resolve-cache/models/sentence-transformers/paraphrase-multilingual-MiniLM-L12-v2/e8f8c211226b894fcb81acc59f3b34ba3efd5f42/config.json "HTTP/1.1 200 OK"
2026-06-23 09:45:05,835 - INFO - HTTP Request: HEAD https://huggingface.co/sentence-transformers/paraphrase-multilingual-MiniLM-L12-v2/resolve/main/config.json "HTTP/1.1 307 Temporary Redirect"
2026-06-23 09:45:05,842 - INFO - HTTP Request: HEAD https://huggingface.co/api/resolve-cache/models/sentence-transformers/paraphrase-multilingual-MiniLM-L12-v2/e8f8c211226b894fcb81acc59f3b34ba3efd5f42/config.json "HTTP/1.1 200 OK"
2026-06-23 09:45:05,974 - INFO - HTTP Request: HEAD https://huggingface.co/sentence-transformers/paraphrase-multilingual-MiniLM-L12-v2/resolve/main/tokenizer_config.json "HTTP/1.1 307 Temporary Redirect"
2026-06-23 09:45:05,983 - INFO - HTTP Request: HEAD https://huggingface.co/api/resolve-cache/models/sentence-transformers/paraphrase-multilingual-MiniLM-L12-v2/e8f8c211226b894fcb81acc59f3b34ba3efd5f42/tokenizer_config.json "HTTP/1.1 200 OK"
2026-06-23 09:45:06,132 - INFO - HTTP Request: HEAD https://huggingface.co/sentence-transformers/paraphrase-multilingual-MiniLM-L12-v2/resolve/main/tokenizer_config.json "HTTP/1.1 307 Temporary Redirect"
2026-06-23 09:45:06,142 - INFO - HTTP Request: HEAD https://huggingface.co/api/resolve-cache/models/sentence-transformers/paraphrase-multilingual-MiniLM-L12-v2/e8f8c211226b894fcb81acc59f3b34ba3efd5f42/tokenizer_config.json "HTTP/1.1 200 OK"
2026-06-23 09:45:06,333 - INFO - HTTP Request: GET https://huggingface.co/api/models/sentence-transformers/paraphrase-multilingual-MiniLM-L12-v2/tree/main/additional_chat_templates?recursive=false&expand=false "HTTP/1.1 404 Not Found"
2026-06-23 09:45:06,468 - INFO - HTTP Request: GET https://huggingface.co/api/models/sentence-transformers/paraphrase-multilingual-MiniLM-L12-v2/tree/main?recursive=true&expand=false "HTTP/1.1 200 OK"
2026-06-23 09:45:07,677 - INFO - HTTP Request: GET https://huggingface.co/api/models/sentence-transformers/paraphrase-multilingual-MiniLM-L12-v2 "HTTP/1.1 200 OK"
2026-06-23 09:45:07,953 - INFO - HTTP Request: HEAD https://huggingface.co/sentence-transformers/paraphrase-multilingual-MiniLM-L12-v2/resolve/main/1_Pooling/config.json "HTTP/1.1 307 Temporary Redirect"
2026-06-23 09:45:08,076 - INFO - HTTP Request: HEAD https://huggingface.co/api/resolve-cache/models/sentence-transformers/paraphrase-multilingual-MiniLM-L12-v2/e8f8c211226b894fcb81acc59f3b34ba3efd5f42/1_Pooling%2Fconfig.json "HTTP/1.1 200 OK"
2026-06-23 09:45:08,219 - INFO - HTTP Request: GET https://huggingface.co/api/models/sentence-transformers/paraphrase-multilingual-MiniLM-L12-v2 "HTTP/1.1 200 OK"
2026-06-23 09:45:08,578 - INFO - Loading fine-tuned model for generation from ./checkpoints/ft_raca_v2/merged...
2026-06-23 09:45:13,236 - INFO - Generator ready.
2026-06-23 09:45:13,237 - INFO - Wrapping model in HookedSAETransformer...
2026-06-23 09:45:13,397 - INFO - HTTP Request: HEAD https://huggingface.co/meta-llama/Llama-3.1-8B-Instruct/resolve/main/config.json "HTTP/1.1 200 OK"
2026-06-23 09:45:13,535 - INFO - HTTP Request: GET https://huggingface.co/meta-llama/Llama-3.1-8B-Instruct/resolve/main/config.json "HTTP/1.1 200 OK"
2026-06-23 09:45:13,670 - INFO - HTTP Request: HEAD https://huggingface.co/meta-llama/Llama-3.1-8B-Instruct/resolve/main/tokenizer_config.json "HTTP/1.1 200 OK"
2026-06-23 09:45:13,813 - INFO - HTTP Request: GET https://huggingface.co/meta-llama/Llama-3.1-8B-Instruct/resolve/main/tokenizer_config.json "HTTP/1.1 200 OK"
2026-06-23 09:45:13,952 - INFO - HTTP Request: GET https://huggingface.co/api/models/meta-llama/Llama-3.1-8B-Instruct/tree/main/additional_chat_templates?recursive=false&expand=false "HTTP/1.1 404 Not Found"
2026-06-23 09:45:14,092 - INFO - HTTP Request: GET https://huggingface.co/api/models/meta-llama/Llama-3.1-8B-Instruct/tree/main?recursive=true&expand=false "HTTP/1.1 200 OK"
2026-06-23 09:45:14,228 - INFO - HTTP Request: HEAD https://huggingface.co/meta-llama/Llama-3.1-8B-Instruct/resolve/main/tokenizer.json "HTTP/1.1 200 OK"
2026-06-23 09:45:14,391 - INFO - HTTP Request: GET https://huggingface.co/meta-llama/Llama-3.1-8B-Instruct/resolve/main/tokenizer.json "HTTP/1.1 200 OK"
2026-06-23 09:45:15,085 - INFO - HTTP Request: HEAD https://huggingface.co/meta-llama/Llama-3.1-8B-Instruct/resolve/main/tokenizer.model "HTTP/1.1 404 Not Found"
2026-06-23 09:45:15,226 - INFO - HTTP Request: HEAD https://huggingface.co/meta-llama/Llama-3.1-8B-Instruct/resolve/main/added_tokens.json "HTTP/1.1 404 Not Found"
2026-06-23 09:45:15,366 - INFO - HTTP Request: HEAD https://huggingface.co/meta-llama/Llama-3.1-8B-Instruct/resolve/main/special_tokens_map.json "HTTP/1.1 200 OK"
2026-06-23 09:45:15,501 - INFO - HTTP Request: GET https://huggingface.co/meta-llama/Llama-3.1-8B-Instruct/resolve/main/special_tokens_map.json "HTTP/1.1 200 OK"
2026-06-23 09:45:15,655 - INFO - HTTP Request: HEAD https://huggingface.co/meta-llama/Llama-3.1-8B-Instruct/resolve/main/chat_template.jinja "HTTP/1.1 404 Not Found"
2026-06-23 09:45:16,572 - INFO - HTTP Request: GET https://huggingface.co/api/models/meta-llama/Llama-3.1-8B-Instruct "HTTP/1.1 200 OK"
2026-06-23 09:45:27,461 - INFO - Loading Goodfire SAE (goodfire-llama-3.1-8b-instruct / layer_19)...
2026-06-23 09:45:29,782 - INFO - HTTP Request: HEAD https://huggingface.co/Goodfire/Llama-3.1-8B-Instruct-SAE-l19/resolve/main/Llama-3.1-8B-Instruct-SAE-l19.pth "HTTP/1.1 302 Found"
2026-06-23 09:45:29,914 - INFO - HTTP Request: GET https://huggingface.co/api/models/Goodfire/Llama-3.1-8B-Instruct-SAE-l19/xet-read-token/f6775a221e47b44233af4bac2c7b65189265519a "HTTP/1.1 200 OK"
2026-06-23 09:46:07,457 - INFO - Loading Neuronpedia feature labels...
2026-06-23 09:46:07,457 - INFO - Downloading labels from Neuronpedia (one-time)...
2026-06-23 09:46:08,239 - INFO - Loaded 0 feature labels
2026-06-23 09:46:08,263 - INFO - RAG: loaded 49 documents
2026-06-23 09:46:08,264 - INFO - Loading faiss with AVX512 support.
2026-06-23 09:46:08,264 - INFO - Could not load library with AVX512 support due to:
ModuleNotFoundError("No module named 'faiss.swigfaiss_avx512'")
2026-06-23 09:46:08,264 - INFO - Loading faiss with AVX2 support.
2026-06-23 09:46:08,264 - INFO - Could not load library with AVX2 support due to:
ModuleNotFoundError("No module named 'faiss.swigfaiss_avx2'")
2026-06-23 09:46:08,264 - INFO - Loading faiss.
2026-06-23 09:46:08,280 - INFO - Successfully loaded faiss.
2026-06-23 09:46:08,465 - INFO - SAFE Pipeline ready.
2026-06-23 09:46:08,465 - INFO - Processing: ما هي شروط تأسيس الجمعية الخيرية؟
2026-06-23 09:46:16,100 - INFO - Initial entropy: 0.500
2026-06-23 09:46:16,100 - INFO - Entropy OK — stopping enrichment.
